experiment,timestamp,run,policy_operator,attribute_count,policy,usk_attributes,plaintext_bytes,ciphertext_bin_bytes,ciphertext_b64_bytes,mqtt_message_bytes,mqtt_compact_message_bytes,overhead_ciphertext_ratio,overhead_mqtt_ratio,overhead_mqtt_percentage,encryption_time_ms,decryption_time_ms,decrypt_success,recovered_output
exp2_policy_complexity_overhead,2026-05-24T17:59:13,1,and,1,attr1,|attr1,256,864,1152,1216,1211,3.375,4.75,375.0,62.209,76.974,True,"[decrypt] attempting to decrypt ciphertext | [decrypt] recovered message: {""device"":""esp32"",""sensor"":""dht22"",""seq"":1,""data"":""xxxxxxxxxxxxxxxxxxxxxxxxxxxxxxxxxxxxxxxxxxxxxxxxxxxxxxxxxxxxxxxxxxxxxxxxxxxxxxxxxxxxxxxxxxxxxxxxxxxxxxxxxxxxxxxxxxxxxxxxxxxxxxxxxxxxxxxxxxxxxxxxxxxxxxxxxxxxxxxxxxxxxxxxxxxxxxxxxxxxxxxxxxxxxxxxxxxxxxxxxxx""}"
exp2_policy_complexity_overhead,2026-05-24T17:59:14,2,and,1,attr1,|attr1,256,864,1152,1216,1211,3.375,4.75,375.0,68.597,77.149,True,"[decrypt] attempting to decrypt ciphertext | [decrypt] recovered message: {""device"":""esp32"",""sensor"":""dht22"",""seq"":1,""data"":""xxxxxxxxxxxxxxxxxxxxxxxxxxxxxxxxxxxxxxxxxxxxxxxxxxxxxxxxxxxxxxxxxxxxxxxxxxxxxxxxxxxxxxxxxxxxxxxxxxxxxxxxxxxxxxxxxxxxxxxxxxxxxxxxxxxxxxxxxxxxxxxxxxxxxxxxxxxxxxxxxxxxxxxxxxxxxxxxxxxxxxxxxxxxxxxxxxxxxxxxxxx""}"
exp2_policy_complexity_overhead,2026-05-24T17:59:14,3,and,1,attr1,|attr1,256,864,1152,1216,1211,3.375,4.75,375.0,59.172,78.856,True,"[decrypt] attempting to decrypt ciphertext | [decrypt] recovered message: {""device"":""esp32"",""sensor"":""dht22"",""seq"":1,""data"":""xxxxxxxxxxxxxxxxxxxxxxxxxxxxxxxxxxxxxxxxxxxxxxxxxxxxxxxxxxxxxxxxxxxxxxxxxxxxxxxxxxxxxxxxxxxxxxxxxxxxxxxxxxxxxxxxxxxxxxxxxxxxxxxxxxxxxxxxxxxxxxxxxxxxxxxxxxxxxxxxxxxxxxxxxxxxxxxxxxxxxxxxxxxxxxxxxxxxxxxxxxx""}"
exp2_policy_complexity_overhead,2026-05-24T17:59:14,4,and,1,attr1,|attr1,256,864,1152,1216,1211,3.375,4.75,375.0,60.812,78.783,True,"[decrypt] attempting to decrypt ciphertext | [decrypt] recovered message: {""device"":""esp32"",""sensor"":""dht22"",""seq"":1,""data"":""xxxxxxxxxxxxxxxxxxxxxxxxxxxxxxxxxxxxxxxxxxxxxxxxxxxxxxxxxxxxxxxxxxxxxxxxxxxxxxxxxxxxxxxxxxxxxxxxxxxxxxxxxxxxxxxxxxxxxxxxxxxxxxxxxxxxxxxxxxxxxxxxxxxxxxxxxxxxxxxxxxxxxxxxxxxxxxxxxxxxxxxxxxxxxxxxxxxxxxxxxxx""}"
exp2_policy_complexity_overhead,2026-05-24T17:59:14,5,and,1,attr1,|attr1,256,864,1152,1216,1211,3.375,4.75,375.0,64.061,87.249,True,"[decrypt] attempting to decrypt ciphertext | [decrypt] recovered message: {""device"":""esp32"",""sensor"":""dht22"",""seq"":1,""data"":""xxxxxxxxxxxxxxxxxxxxxxxxxxxxxxxxxxxxxxxxxxxxxxxxxxxxxxxxxxxxxxxxxxxxxxxxxxxxxxxxxxxxxxxxxxxxxxxxxxxxxxxxxxxxxxxxxxxxxxxxxxxxxxxxxxxxxxxxxxxxxxxxxxxxxxxxxxxxxxxxxxxxxxxxxxxxxxxxxxxxxxxxxxxxxxxxxxxxxxxxxxx""}"
exp2_policy_complexity_overhead,2026-05-24T17:59:15,6,and,1,attr1,|attr1,256,864,1152,1216,1211,3.375,4.75,375.0,72.603,99.915,True,"[decrypt] attempting to decrypt ciphertext | [decrypt] recovered message: {""device"":""esp32"",""sensor"":""dht22"",""seq"":1,""data"":""xxxxxxxxxxxxxxxxxxxxxxxxxxxxxxxxxxxxxxxxxxxxxxxxxxxxxxxxxxxxxxxxxxxxxxxxxxxxxxxxxxxxxxxxxxxxxxxxxxxxxxxxxxxxxxxxxxxxxxxxxxxxxxxxxxxxxxxxxxxxxxxxxxxxxxxxxxxxxxxxxxxxxxxxxxxxxxxxxxxxxxxxxxxxxxxxxxxxxxxxxxx""}"
exp2_policy_complexity_overhead,2026-05-24T17:59:15,7,and,1,attr1,|attr1,256,864,1152,1216,1211,3.375,4.75,375.0,71.957,81.551,True,"[decrypt] attempting to decrypt ciphertext | [decrypt] recovered message: {""device"":""esp32"",""sensor"":""dht22"",""seq"":1,""data"":""xxxxxxxxxxxxxxxxxxxxxxxxxxxxxxxxxxxxxxxxxxxxxxxxxxxxxxxxxxxxxxxxxxxxxxxxxxxxxxxxxxxxxxxxxxxxxxxxxxxxxxxxxxxxxxxxxxxxxxxxxxxxxxxxxxxxxxxxxxxxxxxxxxxxxxxxxxxxxxxxxxxxxxxxxxxxxxxxxxxxxxxxxxxxxxxxxxxxxxxxxxx""}"
exp2_policy_complexity_overhead,2026-05-24T17:59:15,8,and,1,attr1,|attr1,256,864,1152,1216,1211,3.375,4.75,375.0,61.759,71.462,True,"[decrypt] attempting to decrypt ciphertext | [decrypt] recovered message: {""device"":""esp32"",""sensor"":""dht22"",""seq"":1,""data"":""xxxxxxxxxxxxxxxxxxxxxxxxxxxxxxxxxxxxxxxxxxxxxxxxxxxxxxxxxxxxxxxxxxxxxxxxxxxxxxxxxxxxxxxxxxxxxxxxxxxxxxxxxxxxxxxxxxxxxxxxxxxxxxxxxxxxxxxxxxxxxxxxxxxxxxxxxxxxxxxxxxxxxxxxxxxxxxxxxxxxxxxxxxxxxxxxxxxxxxxxxxx""}"
exp2_policy_complexity_overhead,2026-05-24T17:59:16,9,and,1,attr1,|attr1,256,864,1152,1216,1211,3.375,4.75,375.0,67.127,82.73,True,"[decrypt] attempting to decrypt ciphertext | [decrypt] recovered message: {""device"":""esp32"",""sensor"":""dht22"",""seq"":1,""data"":""xxxxxxxxxxxxxxxxxxxxxxxxxxxxxxxxxxxxxxxxxxxxxxxxxxxxxxxxxxxxxxxxxxxxxxxxxxxxxxxxxxxxxxxxxxxxxxxxxxxxxxxxxxxxxxxxxxxxxxxxxxxxxxxxxxxxxxxxxxxxxxxxxxxxxxxxxxxxxxxxxxxxxxxxxxxxxxxxxxxxxxxxxxxxxxxxxxxxxxxxxxx""}"
exp2_policy_complexity_overhead,2026-05-24T17:59:16,10,and,1,attr1,|attr1,256,864,1152,1216,1211,3.375,4.75,375.0,60.35,90.064,True,"[decrypt] attempting to decrypt ciphertext | [decrypt] recovered message: {""device"":""esp32"",""sensor"":""dht22"",""seq"":1,""data"":""xxxxxxxxxxxxxxxxxxxxxxxxxxxxxxxxxxxxxxxxxxxxxxxxxxxxxxxxxxxxxxxxxxxxxxxxxxxxxxxxxxxxxxxxxxxxxxxxxxxxxxxxxxxxxxxxxxxxxxxxxxxxxxxxxxxxxxxxxxxxxxxxxxxxxxxxxxxxxxxxxxxxxxxxxxxxxxxxxxxxxxxxxxxxxxxxxxxxxxxxxxx""}"
exp2_policy_complexity_overhead,2026-05-24T17:59:16,1,and,2,attr1 and attr2,|attr1|attr2,256,1044,1392,1466,1461,4.0781,5.7266,472.66,71.745,78.298,True,"[decrypt] attempting to decrypt ciphertext | [decrypt] recovered message: {""device"":""esp32"",""sensor"":""dht22"",""seq"":1,""data"":""xxxxxxxxxxxxxxxxxxxxxxxxxxxxxxxxxxxxxxxxxxxxxxxxxxxxxxxxxxxxxxxxxxxxxxxxxxxxxxxxxxxxxxxxxxxxxxxxxxxxxxxxxxxxxxxxxxxxxxxxxxxxxxxxxxxxxxxxxxxxxxxxxxxxxxxxxxxxxxxxxxxxxxxxxxxxxxxxxxxxxxxxxxxxxxxxxxxxxxxxxxx""}"
exp2_policy_complexity_overhead,2026-05-24T17:59:16,2,and,2,attr1 and attr2,|attr1|attr2,256,1044,1392,1466,1461,4.0781,5.7266,472.66,79.273,67.381,True,"[decrypt] attempting to decrypt ciphertext | [decrypt] recovered message: {""device"":""esp32"",""sensor"":""dht22"",""seq"":1,""data"":""xxxxxxxxxxxxxxxxxxxxxxxxxxxxxxxxxxxxxxxxxxxxxxxxxxxxxxxxxxxxxxxxxxxxxxxxxxxxxxxxxxxxxxxxxxxxxxxxxxxxxxxxxxxxxxxxxxxxxxxxxxxxxxxxxxxxxxxxxxxxxxxxxxxxxxxxxxxxxxxxxxxxxxxxxxxxxxxxxxxxxxxxxxxxxxxxxxxxxxxxxxx""}"
exp2_policy_complexity_overhead,2026-05-24T17:59:17,3,and,2,attr1 and attr2,|attr1|attr2,256,1044,1392,1466,1461,4.0781,5.7266,472.66,73.49,76.838,True,"[decrypt] attempting to decrypt ciphertext | [decrypt] recovered message: {""device"":""esp32"",""sensor"":""dht22"",""seq"":1,""data"":""xxxxxxxxxxxxxxxxxxxxxxxxxxxxxxxxxxxxxxxxxxxxxxxxxxxxxxxxxxxxxxxxxxxxxxxxxxxxxxxxxxxxxxxxxxxxxxxxxxxxxxxxxxxxxxxxxxxxxxxxxxxxxxxxxxxxxxxxxxxxxxxxxxxxxxxxxxxxxxxxxxxxxxxxxxxxxxxxxxxxxxxxxxxxxxxxxxxxxxxxxxx""}"
exp2_policy_complexity_overhead,2026-05-24T17:59:17,4,and,2,attr1 and attr2,|attr1|attr2,256,1044,1392,1466,1461,4.0781,5.7266,472.66,74.372,76.343,True,"[decrypt] attempting to decrypt ciphertext | [decrypt] recovered message: {""device"":""esp32"",""sensor"":""dht22"",""seq"":1,""data"":""xxxxxxxxxxxxxxxxxxxxxxxxxxxxxxxxxxxxxxxxxxxxxxxxxxxxxxxxxxxxxxxxxxxxxxxxxxxxxxxxxxxxxxxxxxxxxxxxxxxxxxxxxxxxxxxxxxxxxxxxxxxxxxxxxxxxxxxxxxxxxxxxxxxxxxxxxxxxxxxxxxxxxxxxxxxxxxxxxxxxxxxxxxxxxxxxxxxxxxxxxxx""}"
exp2_policy_complexity_overhead,2026-05-24T17:59:17,5,and,2,attr1 and attr2,|attr1|attr2,256,1044,1392,1466,1461,4.0781,5.7266,472.66,56.841,90.377,True,"[decrypt] attempting to decrypt ciphertext | [decrypt] recovered message: {""device"":""esp32"",""sensor"":""dht22"",""seq"":1,""data"":""xxxxxxxxxxxxxxxxxxxxxxxxxxxxxxxxxxxxxxxxxxxxxxxxxxxxxxxxxxxxxxxxxxxxxxxxxxxxxxxxxxxxxxxxxxxxxxxxxxxxxxxxxxxxxxxxxxxxxxxxxxxxxxxxxxxxxxxxxxxxxxxxxxxxxxxxxxxxxxxxxxxxxxxxxxxxxxxxxxxxxxxxxxxxxxxxxxxxxxxxxxx""}"
exp2_policy_complexity_overhead,2026-05-24T17:59:17,6,and,2,attr1 and attr2,|attr1|attr2,256,1044,1392,1466,1461,4.0781,5.7266,472.66,71.824,76.205,True,"[decrypt] attempting to decrypt ciphertext | [decrypt] recovered message: {""device"":""esp32"",""sensor"":""dht22"",""seq"":1,""data"":""xxxxxxxxxxxxxxxxxxxxxxxxxxxxxxxxxxxxxxxxxxxxxxxxxxxxxxxxxxxxxxxxxxxxxxxxxxxxxxxxxxxxxxxxxxxxxxxxxxxxxxxxxxxxxxxxxxxxxxxxxxxxxxxxxxxxxxxxxxxxxxxxxxxxxxxxxxxxxxxxxxxxxxxxxxxxxxxxxxxxxxxxxxxxxxxxxxxxxxxxxxx""}"
exp2_policy_complexity_overhead,2026-05-24T17:59:18,7,and,2,attr1 and attr2,|attr1|attr2,256,1044,1392,1466,1461,4.0781,5.7266,472.66,63.445,74.277,True,"[decrypt] attempting to decrypt ciphertext | [decrypt] recovered message: {""device"":""esp32"",""sensor"":""dht22"",""seq"":1,""data"":""xxxxxxxxxxxxxxxxxxxxxxxxxxxxxxxxxxxxxxxxxxxxxxxxxxxxxxxxxxxxxxxxxxxxxxxxxxxxxxxxxxxxxxxxxxxxxxxxxxxxxxxxxxxxxxxxxxxxxxxxxxxxxxxxxxxxxxxxxxxxxxxxxxxxxxxxxxxxxxxxxxxxxxxxxxxxxxxxxxxxxxxxxxxxxxxxxxxxxxxxxxx""}"
exp2_policy_complexity_overhead,2026-05-24T17:59:18,8,and,2,attr1 and attr2,|attr1|attr2,256,1044,1392,1466,1461,4.0781,5.7266,472.66,60.147,83.271,True,"[decrypt] attempting to decrypt ciphertext | [decrypt] recovered message: {""device"":""esp32"",""sensor"":""dht22"",""seq"":1,""data"":""xxxxxxxxxxxxxxxxxxxxxxxxxxxxxxxxxxxxxxxxxxxxxxxxxxxxxxxxxxxxxxxxxxxxxxxxxxxxxxxxxxxxxxxxxxxxxxxxxxxxxxxxxxxxxxxxxxxxxxxxxxxxxxxxxxxxxxxxxxxxxxxxxxxxxxxxxxxxxxxxxxxxxxxxxxxxxxxxxxxxxxxxxxxxxxxxxxxxxxxxxxx""}"
exp2_policy_complexity_overhead,2026-05-24T17:59:18,9,and,2,attr1 and attr2,|attr1|attr2,256,1044,1392,1466,1461,4.0781,5.7266,472.66,75.248,79.533,True,"[decrypt] attempting to decrypt ciphertext | [decrypt] recovered message: {""device"":""esp32"",""sensor"":""dht22"",""seq"":1,""data"":""xxxxxxxxxxxxxxxxxxxxxxxxxxxxxxxxxxxxxxxxxxxxxxxxxxxxxxxxxxxxxxxxxxxxxxxxxxxxxxxxxxxxxxxxxxxxxxxxxxxxxxxxxxxxxxxxxxxxxxxxxxxxxxxxxxxxxxxxxxxxxxxxxxxxxxxxxxxxxxxxxxxxxxxxxxxxxxxxxxxxxxxxxxxxxxxxxxxxxxxxxxx""}"
exp2_policy_complexity_overhead,2026-05-24T17:59:18,10,and,2,attr1 and attr2,|attr1|attr2,256,1044,1392,1466,1461,4.0781,5.7266,472.66,61.181,79.476,True,"[decrypt] attempting to decrypt ciphertext | [decrypt] recovered message: {""device"":""esp32"",""sensor"":""dht22"",""seq"":1,""data"":""xxxxxxxxxxxxxxxxxxxxxxxxxxxxxxxxxxxxxxxxxxxxxxxxxxxxxxxxxxxxxxxxxxxxxxxxxxxxxxxxxxxxxxxxxxxxxxxxxxxxxxxxxxxxxxxxxxxxxxxxxxxxxxxxxxxxxxxxxxxxxxxxxxxxxxxxxxxxxxxxxxxxxxxxxxxxxxxxxxxxxxxxxxxxxxxxxxxxxxxxxxx""}"
exp2_policy_complexity_overhead,2026-05-24T17:59:19,1,and,3,attr1 and attr2 and attr3,|attr1|attr2|attr3,256,1228,1640,1724,1719,4.7969,6.7344,573.44,72.951,92.661,True,"[decrypt] attempting to decrypt ciphertext | [decrypt] recovered message: {""device"":""esp32"",""sensor"":""dht22"",""seq"":1,""data"":""xxxxxxxxxxxxxxxxxxxxxxxxxxxxxxxxxxxxxxxxxxxxxxxxxxxxxxxxxxxxxxxxxxxxxxxxxxxxxxxxxxxxxxxxxxxxxxxxxxxxxxxxxxxxxxxxxxxxxxxxxxxxxxxxxxxxxxxxxxxxxxxxxxxxxxxxxxxxxxxxxxxxxxxxxxxxxxxxxxxxxxxxxxxxxxxxxxxxxxxxxxx""}"
exp2_policy_complexity_overhead,2026-05-24T17:59:19,2,and,3,attr1 and attr2 and attr3,|attr1|attr2|attr3,256,1228,1640,1724,1719,4.7969,6.7344,573.44,72.503,81.248,True,"[decrypt] attempting to decrypt ciphertext | [decrypt] recovered message: {""device"":""esp32"",""sensor"":""dht22"",""seq"":1,""data"":""xxxxxxxxxxxxxxxxxxxxxxxxxxxxxxxxxxxxxxxxxxxxxxxxxxxxxxxxxxxxxxxxxxxxxxxxxxxxxxxxxxxxxxxxxxxxxxxxxxxxxxxxxxxxxxxxxxxxxxxxxxxxxxxxxxxxxxxxxxxxxxxxxxxxxxxxxxxxxxxxxxxxxxxxxxxxxxxxxxxxxxxxxxxxxxxxxxxxxxxxxxx""}"
exp2_policy_complexity_overhead,2026-05-24T17:59:19,3,and,3,attr1 and attr2 and attr3,|attr1|attr2|attr3,256,1228,1640,1724,1719,4.7969,6.7344,573.44,69.946,86.138,True,"[decrypt] attempting to decrypt ciphertext | [decrypt] recovered message: {""device"":""esp32"",""sensor"":""dht22"",""seq"":1,""data"":""xxxxxxxxxxxxxxxxxxxxxxxxxxxxxxxxxxxxxxxxxxxxxxxxxxxxxxxxxxxxxxxxxxxxxxxxxxxxxxxxxxxxxxxxxxxxxxxxxxxxxxxxxxxxxxxxxxxxxxxxxxxxxxxxxxxxxxxxxxxxxxxxxxxxxxxxxxxxxxxxxxxxxxxxxxxxxxxxxxxxxxxxxxxxxxxxxxxxxxxxxxx""}"
exp2_policy_complexity_overhead,2026-05-24T17:59:19,4,and,3,attr1 and attr2 and attr3,|attr1|attr2|attr3,256,1228,1640,1724,1719,4.7969,6.7344,573.44,74.716,78.803,True,"[decrypt] attempting to decrypt ciphertext | [decrypt] recovered message: {""device"":""esp32"",""sensor"":""dht22"",""seq"":1,""data"":""xxxxxxxxxxxxxxxxxxxxxxxxxxxxxxxxxxxxxxxxxxxxxxxxxxxxxxxxxxxxxxxxxxxxxxxxxxxxxxxxxxxxxxxxxxxxxxxxxxxxxxxxxxxxxxxxxxxxxxxxxxxxxxxxxxxxxxxxxxxxxxxxxxxxxxxxxxxxxxxxxxxxxxxxxxxxxxxxxxxxxxxxxxxxxxxxxxxxxxxxxxx""}"
exp2_policy_complexity_overhead,2026-05-24T17:59:20,5,and,3,attr1 and attr2 and attr3,|attr1|attr2|attr3,256,1228,1640,1724,1719,4.7969,6.7344,573.44,63.754,101.485,True,"[decrypt] attempting to decrypt ciphertext | [decrypt] recovered message: {""device"":""esp32"",""sensor"":""dht22"",""seq"":1,""data"":""xxxxxxxxxxxxxxxxxxxxxxxxxxxxxxxxxxxxxxxxxxxxxxxxxxxxxxxxxxxxxxxxxxxxxxxxxxxxxxxxxxxxxxxxxxxxxxxxxxxxxxxxxxxxxxxxxxxxxxxxxxxxxxxxxxxxxxxxxxxxxxxxxxxxxxxxxxxxxxxxxxxxxxxxxxxxxxxxxxxxxxxxxxxxxxxxxxxxxxxxxxx""}"
exp2_policy_complexity_overhead,2026-05-24T17:59:20,6,and,3,attr1 and attr2 and attr3,|attr1|attr2|attr3,256,1228,1640,1724,1719,4.7969,6.7344,573.44,79.038,102.607,True,"[decrypt] attempting to decrypt ciphertext | [decrypt] recovered message: {""device"":""esp32"",""sensor"":""dht22"",""seq"":1,""data"":""xxxxxxxxxxxxxxxxxxxxxxxxxxxxxxxxxxxxxxxxxxxxxxxxxxxxxxxxxxxxxxxxxxxxxxxxxxxxxxxxxxxxxxxxxxxxxxxxxxxxxxxxxxxxxxxxxxxxxxxxxxxxxxxxxxxxxxxxxxxxxxxxxxxxxxxxxxxxxxxxxxxxxxxxxxxxxxxxxxxxxxxxxxxxxxxxxxxxxxxxxxx""}"
exp2_policy_complexity_overhead,2026-05-24T17:59:20,7,and,3,attr1 and attr2 and attr3,|attr1|attr2|attr3,256,1228,1640,1724,1719,4.7969,6.7344,573.44,81.379,83.846,True,"[decrypt] attempting to decrypt ciphertext | [decrypt] recovered message: {""device"":""esp32"",""sensor"":""dht22"",""seq"":1,""data"":""xxxxxxxxxxxxxxxxxxxxxxxxxxxxxxxxxxxxxxxxxxxxxxxxxxxxxxxxxxxxxxxxxxxxxxxxxxxxxxxxxxxxxxxxxxxxxxxxxxxxxxxxxxxxxxxxxxxxxxxxxxxxxxxxxxxxxxxxxxxxxxxxxxxxxxxxxxxxxxxxxxxxxxxxxxxxxxxxxxxxxxxxxxxxxxxxxxxxxxxxxxx""}"
exp2_policy_complexity_overhead,2026-05-24T17:59:21,8,and,3,attr1 and attr2 and attr3,|attr1|attr2|attr3,256,1228,1640,1724,1719,4.7969,6.7344,573.44,89.965,89.569,True,"[decrypt] attempting to decrypt ciphertext | [decrypt] recovered message: {""device"":""esp32"",""sensor"":""dht22"",""seq"":1,""data"":""xxxxxxxxxxxxxxxxxxxxxxxxxxxxxxxxxxxxxxxxxxxxxxxxxxxxxxxxxxxxxxxxxxxxxxxxxxxxxxxxxxxxxxxxxxxxxxxxxxxxxxxxxxxxxxxxxxxxxxxxxxxxxxxxxxxxxxxxxxxxxxxxxxxxxxxxxxxxxxxxxxxxxxxxxxxxxxxxxxxxxxxxxxxxxxxxxxxxxxxxxxx""}"
exp2_policy_complexity_overhead,2026-05-24T17:59:21,9,and,3,attr1 and attr2 and attr3,|attr1|attr2|attr3,256,1228,1640,1724,1719,4.7969,6.7344,573.44,69.956,79.403,True,"[decrypt] attempting to decrypt ciphertext | [decrypt] recovered message: {""device"":""esp32"",""sensor"":""dht22"",""seq"":1,""data"":""xxxxxxxxxxxxxxxxxxxxxxxxxxxxxxxxxxxxxxxxxxxxxxxxxxxxxxxxxxxxxxxxxxxxxxxxxxxxxxxxxxxxxxxxxxxxxxxxxxxxxxxxxxxxxxxxxxxxxxxxxxxxxxxxxxxxxxxxxxxxxxxxxxxxxxxxxxxxxxxxxxxxxxxxxxxxxxxxxxxxxxxxxxxxxxxxxxxxxxxxxxx""}"
exp2_policy_complexity_overhead,2026-05-24T17:59:21,10,and,3,attr1 and attr2 and attr3,|attr1|attr2|attr3,256,1228,1640,1724,1719,4.7969,6.7344,573.44,68.361,77.03,True,"[decrypt] attempting to decrypt ciphertext | [decrypt] recovered message: {""device"":""esp32"",""sensor"":""dht22"",""seq"":1,""data"":""xxxxxxxxxxxxxxxxxxxxxxxxxxxxxxxxxxxxxxxxxxxxxxxxxxxxxxxxxxxxxxxxxxxxxxxxxxxxxxxxxxxxxxxxxxxxxxxxxxxxxxxxxxxxxxxxxxxxxxxxxxxxxxxxxxxxxxxxxxxxxxxxxxxxxxxxxxxxxxxxxxxxxxxxxxxxxxxxxxxxxxxxxxxxxxxxxxxxxxxxxxx""}"
exp2_policy_complexity_overhead,2026-05-24T17:59:21,1,and,4,attr1 and attr2 and attr3 and attr4,|attr1|attr2|attr3|attr4,256,1408,1880,1974,1969,5.5,7.7109,671.09,77.02,89.528,True,"[decrypt] attempting to decrypt ciphertext | [decrypt] recovered message: {""device"":""esp32"",""sensor"":""dht22"",""seq"":1,""data"":""xxxxxxxxxxxxxxxxxxxxxxxxxxxxxxxxxxxxxxxxxxxxxxxxxxxxxxxxxxxxxxxxxxxxxxxxxxxxxxxxxxxxxxxxxxxxxxxxxxxxxxxxxxxxxxxxxxxxxxxxxxxxxxxxxxxxxxxxxxxxxxxxxxxxxxxxxxxxxxxxxxxxxxxxxxxxxxxxxxxxxxxxxxxxxxxxxxxxxxxxxxx""}"
exp2_policy_complexity_overhead,2026-05-24T17:59:22,2,and,4,attr1 and attr2 and attr3 and attr4,|attr1|attr2|attr3|attr4,256,1408,1880,1974,1969,5.5,7.7109,671.09,66.566,98.151,True,"[decrypt] attempting to decrypt ciphertext | [decrypt] recovered message: {""device"":""esp32"",""sensor"":""dht22"",""seq"":1,""data"":""xxxxxxxxxxxxxxxxxxxxxxxxxxxxxxxxxxxxxxxxxxxxxxxxxxxxxxxxxxxxxxxxxxxxxxxxxxxxxxxxxxxxxxxxxxxxxxxxxxxxxxxxxxxxxxxxxxxxxxxxxxxxxxxxxxxxxxxxxxxxxxxxxxxxxxxxxxxxxxxxxxxxxxxxxxxxxxxxxxxxxxxxxxxxxxxxxxxxxxxxxxx""}"
exp2_policy_complexity_overhead,2026-05-24T17:59:22,3,and,4,attr1 and attr2 and attr3 and attr4,|attr1|attr2|attr3|attr4,256,1408,1880,1974,1969,5.5,7.7109,671.09,65.361,108.082,True,"[decrypt] attempting to decrypt ciphertext | [decrypt] recovered message: {""device"":""esp32"",""sensor"":""dht22"",""seq"":1,""data"":""xxxxxxxxxxxxxxxxxxxxxxxxxxxxxxxxxxxxxxxxxxxxxxxxxxxxxxxxxxxxxxxxxxxxxxxxxxxxxxxxxxxxxxxxxxxxxxxxxxxxxxxxxxxxxxxxxxxxxxxxxxxxxxxxxxxxxxxxxxxxxxxxxxxxxxxxxxxxxxxxxxxxxxxxxxxxxxxxxxxxxxxxxxxxxxxxxxxxxxxxxxx""}"
exp2_policy_complexity_overhead,2026-05-24T17:59:22,4,and,4,attr1 and attr2 and attr3 and attr4,|attr1|attr2|attr3|attr4,256,1408,1880,1974,1969,5.5,7.7109,671.09,77.191,86.168,True,"[decrypt] attempting to decrypt ciphertext | [decrypt] recovered message: {""device"":""esp32"",""sensor"":""dht22"",""seq"":1,""data"":""xxxxxxxxxxxxxxxxxxxxxxxxxxxxxxxxxxxxxxxxxxxxxxxxxxxxxxxxxxxxxxxxxxxxxxxxxxxxxxxxxxxxxxxxxxxxxxxxxxxxxxxxxxxxxxxxxxxxxxxxxxxxxxxxxxxxxxxxxxxxxxxxxxxxxxxxxxxxxxxxxxxxxxxxxxxxxxxxxxxxxxxxxxxxxxxxxxxxxxxxxxx""}"
exp2_policy_complexity_overhead,2026-05-24T17:59:23,5,and,4,attr1 and attr2 and attr3 and attr4,|attr1|attr2|attr3|attr4,256,1408,1880,1974,1969,5.5,7.7109,671.09,74.617,77.718,True,"[decrypt] attempting to decrypt ciphertext | [decrypt] recovered message: {""device"":""esp32"",""sensor"":""dht22"",""seq"":1,""data"":""xxxxxxxxxxxxxxxxxxxxxxxxxxxxxxxxxxxxxxxxxxxxxxxxxxxxxxxxxxxxxxxxxxxxxxxxxxxxxxxxxxxxxxxxxxxxxxxxxxxxxxxxxxxxxxxxxxxxxxxxxxxxxxxxxxxxxxxxxxxxxxxxxxxxxxxxxxxxxxxxxxxxxxxxxxxxxxxxxxxxxxxxxxxxxxxxxxxxxxxxxxx""}"
exp2_policy_complexity_overhead,2026-05-24T17:59:23,6,and,4,attr1 and attr2 and attr3 and attr4,|attr1|attr2|attr3|attr4,256,1408,1880,1974,1969,5.5,7.7109,671.09,72.25,85.119,True,"[decrypt] attempting to decrypt ciphertext | [decrypt] recovered message: {""device"":""esp32"",""sensor"":""dht22"",""seq"":1,""data"":""xxxxxxxxxxxxxxxxxxxxxxxxxxxxxxxxxxxxxxxxxxxxxxxxxxxxxxxxxxxxxxxxxxxxxxxxxxxxxxxxxxxxxxxxxxxxxxxxxxxxxxxxxxxxxxxxxxxxxxxxxxxxxxxxxxxxxxxxxxxxxxxxxxxxxxxxxxxxxxxxxxxxxxxxxxxxxxxxxxxxxxxxxxxxxxxxxxxxxxxxxxx""}"
exp2_policy_complexity_overhead,2026-05-24T17:59:23,7,and,4,attr1 and attr2 and attr3 and attr4,|attr1|attr2|attr3|attr4,256,1408,1880,1974,1969,5.5,7.7109,671.09,61.885,78.559,True,"[decrypt] attempting to decrypt ciphertext | [decrypt] recovered message: {""device"":""esp32"",""sensor"":""dht22"",""seq"":1,""data"":""xxxxxxxxxxxxxxxxxxxxxxxxxxxxxxxxxxxxxxxxxxxxxxxxxxxxxxxxxxxxxxxxxxxxxxxxxxxxxxxxxxxxxxxxxxxxxxxxxxxxxxxxxxxxxxxxxxxxxxxxxxxxxxxxxxxxxxxxxxxxxxxxxxxxxxxxxxxxxxxxxxxxxxxxxxxxxxxxxxxxxxxxxxxxxxxxxxxxxxxxxxx""}"
exp2_policy_complexity_overhead,2026-05-24T17:59:23,8,and,4,attr1 and attr2 and attr3 and attr4,|attr1|attr2|attr3|attr4,256,1408,1880,1974,1969,5.5,7.7109,671.09,67.084,81.499,True,"[decrypt] attempting to decrypt ciphertext | [decrypt] recovered message: {""device"":""esp32"",""sensor"":""dht22"",""seq"":1,""data"":""xxxxxxxxxxxxxxxxxxxxxxxxxxxxxxxxxxxxxxxxxxxxxxxxxxxxxxxxxxxxxxxxxxxxxxxxxxxxxxxxxxxxxxxxxxxxxxxxxxxxxxxxxxxxxxxxxxxxxxxxxxxxxxxxxxxxxxxxxxxxxxxxxxxxxxxxxxxxxxxxxxxxxxxxxxxxxxxxxxxxxxxxxxxxxxxxxxxxxxxxxxx""}"
exp2_policy_complexity_overhead,2026-05-24T17:59:24,9,and,4,attr1 and attr2 and attr3 and attr4,|attr1|attr2|attr3|attr4,256,1408,1880,1974,1969,5.5,7.7109,671.09,69.227,82.121,True,"[decrypt] attempting to decrypt ciphertext | [decrypt] recovered message: {""device"":""esp32"",""sensor"":""dht22"",""seq"":1,""data"":""xxxxxxxxxxxxxxxxxxxxxxxxxxxxxxxxxxxxxxxxxxxxxxxxxxxxxxxxxxxxxxxxxxxxxxxxxxxxxxxxxxxxxxxxxxxxxxxxxxxxxxxxxxxxxxxxxxxxxxxxxxxxxxxxxxxxxxxxxxxxxxxxxxxxxxxxxxxxxxxxxxxxxxxxxxxxxxxxxxxxxxxxxxxxxxxxxxxxxxxxxxx""}"
exp2_policy_complexity_overhead,2026-05-24T17:59:24,10,and,4,attr1 and attr2 and attr3 and attr4,|attr1|attr2|attr3|attr4,256,1408,1880,1974,1969,5.5,7.7109,671.09,72.326,88.944,True,"[decrypt] attempting to decrypt ciphertext | [decrypt] recovered message: {""device"":""esp32"",""sensor"":""dht22"",""seq"":1,""data"":""xxxxxxxxxxxxxxxxxxxxxxxxxxxxxxxxxxxxxxxxxxxxxxxxxxxxxxxxxxxxxxxxxxxxxxxxxxxxxxxxxxxxxxxxxxxxxxxxxxxxxxxxxxxxxxxxxxxxxxxxxxxxxxxxxxxxxxxxxxxxxxxxxxxxxxxxxxxxxxxxxxxxxxxxxxxxxxxxxxxxxxxxxxxxxxxxxxxxxxxxxxx""}"
exp2_policy_complexity_overhead,2026-05-24T17:59:24,1,and,5,attr1 and attr2 and attr3 and attr4 and attr5,|attr1|attr2|attr3|attr4|attr5,256,1588,2120,2224,2219,6.2031,8.6875,768.75,91.559,102.155,True,"[decrypt] attempting to decrypt ciphertext | [decrypt] recovered message: {""device"":""esp32"",""sensor"":""dht22"",""seq"":1,""data"":""xxxxxxxxxxxxxxxxxxxxxxxxxxxxxxxxxxxxxxxxxxxxxxxxxxxxxxxxxxxxxxxxxxxxxxxxxxxxxxxxxxxxxxxxxxxxxxxxxxxxxxxxxxxxxxxxxxxxxxxxxxxxxxxxxxxxxxxxxxxxxxxxxxxxxxxxxxxxxxxxxxxxxxxxxxxxxxxxxxxxxxxxxxxxxxxxxxxxxxxxxxx""}"
exp2_policy_complexity_overhead,2026-05-24T17:59:25,2,and,5,attr1 and attr2 and attr3 and attr4 and attr5,|attr1|attr2|attr3|attr4|attr5,256,1588,2120,2224,2219,6.2031,8.6875,768.75,67.882,86.657,True,"[decrypt] attempting to decrypt ciphertext | [decrypt] recovered message: {""device"":""esp32"",""sensor"":""dht22"",""seq"":1,""data"":""xxxxxxxxxxxxxxxxxxxxxxxxxxxxxxxxxxxxxxxxxxxxxxxxxxxxxxxxxxxxxxxxxxxxxxxxxxxxxxxxxxxxxxxxxxxxxxxxxxxxxxxxxxxxxxxxxxxxxxxxxxxxxxxxxxxxxxxxxxxxxxxxxxxxxxxxxxxxxxxxxxxxxxxxxxxxxxxxxxxxxxxxxxxxxxxxxxxxxxxxxxx""}"
exp2_policy_complexity_overhead,2026-05-24T17:59:25,3,and,5,attr1 and attr2 and attr3 and attr4 and attr5,|attr1|attr2|attr3|attr4|attr5,256,1588,2120,2224,2219,6.2031,8.6875,768.75,81.594,96.865,True,"[decrypt] attempting to decrypt ciphertext | [decrypt] recovered message: {""device"":""esp32"",""sensor"":""dht22"",""seq"":1,""data"":""xxxxxxxxxxxxxxxxxxxxxxxxxxxxxxxxxxxxxxxxxxxxxxxxxxxxxxxxxxxxxxxxxxxxxxxxxxxxxxxxxxxxxxxxxxxxxxxxxxxxxxxxxxxxxxxxxxxxxxxxxxxxxxxxxxxxxxxxxxxxxxxxxxxxxxxxxxxxxxxxxxxxxxxxxxxxxxxxxxxxxxxxxxxxxxxxxxxxxxxxxxx""}"
exp2_policy_complexity_overhead,2026-05-24T17:59:25,4,and,5,attr1 and attr2 and attr3 and attr4 and attr5,|attr1|attr2|attr3|attr4|attr5,256,1588,2120,2224,2219,6.2031,8.6875,768.75,66.683,94.248,True,"[decrypt] attempting to decrypt ciphertext | [decrypt] recovered message: {""device"":""esp32"",""sensor"":""dht22"",""seq"":1,""data"":""xxxxxxxxxxxxxxxxxxxxxxxxxxxxxxxxxxxxxxxxxxxxxxxxxxxxxxxxxxxxxxxxxxxxxxxxxxxxxxxxxxxxxxxxxxxxxxxxxxxxxxxxxxxxxxxxxxxxxxxxxxxxxxxxxxxxxxxxxxxxxxxxxxxxxxxxxxxxxxxxxxxxxxxxxxxxxxxxxxxxxxxxxxxxxxxxxxxxxxxxxxx""}"
exp2_policy_complexity_overhead,2026-05-24T17:59:25,5,and,5,attr1 and attr2 and attr3 and attr4 and attr5,|attr1|attr2|attr3|attr4|attr5,256,1588,2120,2224,2219,6.2031,8.6875,768.75,78.536,85.275,True,"[decrypt] attempting to decrypt ciphertext | [decrypt] recovered message: {""device"":""esp32"",""sensor"":""dht22"",""seq"":1,""data"":""xxxxxxxxxxxxxxxxxxxxxxxxxxxxxxxxxxxxxxxxxxxxxxxxxxxxxxxxxxxxxxxxxxxxxxxxxxxxxxxxxxxxxxxxxxxxxxxxxxxxxxxxxxxxxxxxxxxxxxxxxxxxxxxxxxxxxxxxxxxxxxxxxxxxxxxxxxxxxxxxxxxxxxxxxxxxxxxxxxxxxxxxxxxxxxxxxxxxxxxxxxx""}"
exp2_policy_complexity_overhead,2026-05-24T17:59:26,6,and,5,attr1 and attr2 and attr3 and attr4 and attr5,|attr1|attr2|attr3|attr4|attr5,256,1588,2120,2224,2219,6.2031,8.6875,768.75,76.942,88.741,True,"[decrypt] attempting to decrypt ciphertext | [decrypt] recovered message: {""device"":""esp32"",""sensor"":""dht22"",""seq"":1,""data"":""xxxxxxxxxxxxxxxxxxxxxxxxxxxxxxxxxxxxxxxxxxxxxxxxxxxxxxxxxxxxxxxxxxxxxxxxxxxxxxxxxxxxxxxxxxxxxxxxxxxxxxxxxxxxxxxxxxxxxxxxxxxxxxxxxxxxxxxxxxxxxxxxxxxxxxxxxxxxxxxxxxxxxxxxxxxxxxxxxxxxxxxxxxxxxxxxxxxxxxxxxxx""}"
exp2_policy_complexity_overhead,2026-05-24T17:59:26,7,and,5,attr1 and attr2 and attr3 and attr4 and attr5,|attr1|attr2|attr3|attr4|attr5,256,1588,2120,2224,2219,6.2031,8.6875,768.75,73.184,88.74,True,"[decrypt] attempting to decrypt ciphertext | [decrypt] recovered message: {""device"":""esp32"",""sensor"":""dht22"",""seq"":1,""data"":""xxxxxxxxxxxxxxxxxxxxxxxxxxxxxxxxxxxxxxxxxxxxxxxxxxxxxxxxxxxxxxxxxxxxxxxxxxxxxxxxxxxxxxxxxxxxxxxxxxxxxxxxxxxxxxxxxxxxxxxxxxxxxxxxxxxxxxxxxxxxxxxxxxxxxxxxxxxxxxxxxxxxxxxxxxxxxxxxxxxxxxxxxxxxxxxxxxxxxxxxxxx""}"
exp2_policy_complexity_overhead,2026-05-24T17:59:26,8,and,5,attr1 and attr2 and attr3 and attr4 and attr5,|attr1|attr2|attr3|attr4|attr5,256,1588,2120,2224,2219,6.2031,8.6875,768.75,65.129,80.053,True,"[decrypt] attempting to decrypt ciphertext | [decrypt] recovered message: {""device"":""esp32"",""sensor"":""dht22"",""seq"":1,""data"":""xxxxxxxxxxxxxxxxxxxxxxxxxxxxxxxxxxxxxxxxxxxxxxxxxxxxxxxxxxxxxxxxxxxxxxxxxxxxxxxxxxxxxxxxxxxxxxxxxxxxxxxxxxxxxxxxxxxxxxxxxxxxxxxxxxxxxxxxxxxxxxxxxxxxxxxxxxxxxxxxxxxxxxxxxxxxxxxxxxxxxxxxxxxxxxxxxxxxxxxxxxx""}"
exp2_policy_complexity_overhead,2026-05-24T17:59:26,9,and,5,attr1 and attr2 and attr3 and attr4 and attr5,|attr1|attr2|attr3|attr4|attr5,256,1588,2120,2224,2219,6.2031,8.6875,768.75,79.952,86.447,True,"[decrypt] attempting to decrypt ciphertext | [decrypt] recovered message: {""device"":""esp32"",""sensor"":""dht22"",""seq"":1,""data"":""xxxxxxxxxxxxxxxxxxxxxxxxxxxxxxxxxxxxxxxxxxxxxxxxxxxxxxxxxxxxxxxxxxxxxxxxxxxxxxxxxxxxxxxxxxxxxxxxxxxxxxxxxxxxxxxxxxxxxxxxxxxxxxxxxxxxxxxxxxxxxxxxxxxxxxxxxxxxxxxxxxxxxxxxxxxxxxxxxxxxxxxxxxxxxxxxxxxxxxxxxxx""}"
exp2_policy_complexity_overhead,2026-05-24T17:59:27,10,and,5,attr1 and attr2 and attr3 and attr4 and attr5,|attr1|attr2|attr3|attr4|attr5,256,1588,2120,2224,2219,6.2031,8.6875,768.75,82.023,92.849,True,"[decrypt] attempting to decrypt ciphertext | [decrypt] recovered message: {""device"":""esp32"",""sensor"":""dht22"",""seq"":1,""data"":""xxxxxxxxxxxxxxxxxxxxxxxxxxxxxxxxxxxxxxxxxxxxxxxxxxxxxxxxxxxxxxxxxxxxxxxxxxxxxxxxxxxxxxxxxxxxxxxxxxxxxxxxxxxxxxxxxxxxxxxxxxxxxxxxxxxxxxxxxxxxxxxxxxxxxxxxxxxxxxxxxxxxxxxxxxxxxxxxxxxxxxxxxxxxxxxxxxxxxxxxxxx""}"
exp2_policy_complexity_overhead,2026-05-24T17:59:27,1,and,10,attr1 and attr2 and attr3 and attr4 and attr5 and attr6 and attr7 and attr8 and attr9 and attr10,|attr1|attr2|attr3|attr4|attr5|attr6|attr7|attr8|attr9|attr10,256,2500,3336,3491,3486,9.7656,13.6367,1263.67,75.837,108.156,True,"[decrypt] attempting to decrypt ciphertext | [decrypt] recovered message: {""device"":""esp32"",""sensor"":""dht22"",""seq"":1,""data"":""xxxxxxxxxxxxxxxxxxxxxxxxxxxxxxxxxxxxxxxxxxxxxxxxxxxxxxxxxxxxxxxxxxxxxxxxxxxxxxxxxxxxxxxxxxxxxxxxxxxxxxxxxxxxxxxxxxxxxxxxxxxxxxxxxxxxxxxxxxxxxxxxxxxxxxxxxxxxxxxxxxxxxxxxxxxxxxxxxxxxxxxxxxxxxxxxxxxxxxxxxxx""}"
exp2_policy_complexity_overhead,2026-05-24T17:59:27,2,and,10,attr1 and attr2 and attr3 and attr4 and attr5 and attr6 and attr7 and attr8 and attr9 and attr10,|attr1|attr2|attr3|attr4|attr5|attr6|attr7|attr8|attr9|attr10,256,2500,3336,3491,3486,9.7656,13.6367,1263.67,74.903,106.384,True,"[decrypt] attempting to decrypt ciphertext | [decrypt] recovered message: {""device"":""esp32"",""sensor"":""dht22"",""seq"":1,""data"":""xxxxxxxxxxxxxxxxxxxxxxxxxxxxxxxxxxxxxxxxxxxxxxxxxxxxxxxxxxxxxxxxxxxxxxxxxxxxxxxxxxxxxxxxxxxxxxxxxxxxxxxxxxxxxxxxxxxxxxxxxxxxxxxxxxxxxxxxxxxxxxxxxxxxxxxxxxxxxxxxxxxxxxxxxxxxxxxxxxxxxxxxxxxxxxxxxxxxxxxxxxx""}"
exp2_policy_complexity_overhead,2026-05-24T17:59:28,3,and,10,attr1 and attr2 and attr3 and attr4 and attr5 and attr6 and attr7 and attr8 and attr9 and attr10,|attr1|attr2|attr3|attr4|attr5|attr6|attr7|attr8|attr9|attr10,256,2500,3336,3491,3486,9.7656,13.6367,1263.67,89.94,124.576,True,"[decrypt] attempting to decrypt ciphertext | [decrypt] recovered message: {""device"":""esp32"",""sensor"":""dht22"",""seq"":1,""data"":""xxxxxxxxxxxxxxxxxxxxxxxxxxxxxxxxxxxxxxxxxxxxxxxxxxxxxxxxxxxxxxxxxxxxxxxxxxxxxxxxxxxxxxxxxxxxxxxxxxxxxxxxxxxxxxxxxxxxxxxxxxxxxxxxxxxxxxxxxxxxxxxxxxxxxxxxxxxxxxxxxxxxxxxxxxxxxxxxxxxxxxxxxxxxxxxxxxxxxxxxxxx""}"
exp2_policy_complexity_overhead,2026-05-24T17:59:28,4,and,10,attr1 and attr2 and attr3 and attr4 and attr5 and attr6 and attr7 and attr8 and attr9 and attr10,|attr1|attr2|attr3|attr4|attr5|attr6|attr7|attr8|attr9|attr10,256,2500,3336,3491,3486,9.7656,13.6367,1263.67,88.563,110.308,True,"[decrypt] attempting to decrypt ciphertext | [decrypt] recovered message: {""device"":""esp32"",""sensor"":""dht22"",""seq"":1,""data"":""xxxxxxxxxxxxxxxxxxxxxxxxxxxxxxxxxxxxxxxxxxxxxxxxxxxxxxxxxxxxxxxxxxxxxxxxxxxxxxxxxxxxxxxxxxxxxxxxxxxxxxxxxxxxxxxxxxxxxxxxxxxxxxxxxxxxxxxxxxxxxxxxxxxxxxxxxxxxxxxxxxxxxxxxxxxxxxxxxxxxxxxxxxxxxxxxxxxxxxxxxxx""}"
exp2_policy_complexity_overhead,2026-05-24T17:59:28,5,and,10,attr1 and attr2 and attr3 and attr4 and attr5 and attr6 and attr7 and attr8 and attr9 and attr10,|attr1|attr2|attr3|attr4|attr5|attr6|attr7|attr8|attr9|attr10,256,2500,3336,3491,3486,9.7656,13.6367,1263.67,75.669,120.4,True,"[decrypt] attempting to decrypt ciphertext | [decrypt] recovered message: {""device"":""esp32"",""sensor"":""dht22"",""seq"":1,""data"":""xxxxxxxxxxxxxxxxxxxxxxxxxxxxxxxxxxxxxxxxxxxxxxxxxxxxxxxxxxxxxxxxxxxxxxxxxxxxxxxxxxxxxxxxxxxxxxxxxxxxxxxxxxxxxxxxxxxxxxxxxxxxxxxxxxxxxxxxxxxxxxxxxxxxxxxxxxxxxxxxxxxxxxxxxxxxxxxxxxxxxxxxxxxxxxxxxxxxxxxxxxx""}"
exp2_policy_complexity_overhead,2026-05-24T17:59:29,6,and,10,attr1 and attr2 and attr3 and attr4 and attr5 and attr6 and attr7 and attr8 and attr9 and attr10,|attr1|attr2|attr3|attr4|attr5|attr6|attr7|attr8|attr9|attr10,256,2500,3336,3491,3486,9.7656,13.6367,1263.67,90.866,109.987,True,"[decrypt] attempting to decrypt ciphertext | [decrypt] recovered message: {""device"":""esp32"",""sensor"":""dht22"",""seq"":1,""data"":""xxxxxxxxxxxxxxxxxxxxxxxxxxxxxxxxxxxxxxxxxxxxxxxxxxxxxxxxxxxxxxxxxxxxxxxxxxxxxxxxxxxxxxxxxxxxxxxxxxxxxxxxxxxxxxxxxxxxxxxxxxxxxxxxxxxxxxxxxxxxxxxxxxxxxxxxxxxxxxxxxxxxxxxxxxxxxxxxxxxxxxxxxxxxxxxxxxxxxxxxxxx""}"
exp2_policy_complexity_overhead,2026-05-24T17:59:29,7,and,10,attr1 and attr2 and attr3 and attr4 and attr5 and attr6 and attr7 and attr8 and attr9 and attr10,|attr1|attr2|attr3|attr4|attr5|attr6|attr7|attr8|attr9|attr10,256,2500,3336,3491,3486,9.7656,13.6367,1263.67,75.918,108.683,True,"[decrypt] attempting to decrypt ciphertext | [decrypt] recovered message: {""device"":""esp32"",""sensor"":""dht22"",""seq"":1,""data"":""xxxxxxxxxxxxxxxxxxxxxxxxxxxxxxxxxxxxxxxxxxxxxxxxxxxxxxxxxxxxxxxxxxxxxxxxxxxxxxxxxxxxxxxxxxxxxxxxxxxxxxxxxxxxxxxxxxxxxxxxxxxxxxxxxxxxxxxxxxxxxxxxxxxxxxxxxxxxxxxxxxxxxxxxxxxxxxxxxxxxxxxxxxxxxxxxxxxxxxxxxxx""}"
exp2_policy_complexity_overhead,2026-05-24T17:59:29,8,and,10,attr1 and attr2 and attr3 and attr4 and attr5 and attr6 and attr7 and attr8 and attr9 and attr10,|attr1|attr2|attr3|attr4|attr5|attr6|attr7|attr8|attr9|attr10,256,2500,3336,3491,3486,9.7656,13.6367,1263.67,89.904,95.726,True,"[decrypt] attempting to decrypt ciphertext | [decrypt] recovered message: {""device"":""esp32"",""sensor"":""dht22"",""seq"":1,""data"":""xxxxxxxxxxxxxxxxxxxxxxxxxxxxxxxxxxxxxxxxxxxxxxxxxxxxxxxxxxxxxxxxxxxxxxxxxxxxxxxxxxxxxxxxxxxxxxxxxxxxxxxxxxxxxxxxxxxxxxxxxxxxxxxxxxxxxxxxxxxxxxxxxxxxxxxxxxxxxxxxxxxxxxxxxxxxxxxxxxxxxxxxxxxxxxxxxxxxxxxxxxx""}"
exp2_policy_complexity_overhead,2026-05-24T17:59:29,9,and,10,attr1 and attr2 and attr3 and attr4 and attr5 and attr6 and attr7 and attr8 and attr9 and attr10,|attr1|attr2|attr3|attr4|attr5|attr6|attr7|attr8|attr9|attr10,256,2500,3336,3491,3486,9.7656,13.6367,1263.67,76.649,100.639,True,"[decrypt] attempting to decrypt ciphertext | [decrypt] recovered message: {""device"":""esp32"",""sensor"":""dht22"",""seq"":1,""data"":""xxxxxxxxxxxxxxxxxxxxxxxxxxxxxxxxxxxxxxxxxxxxxxxxxxxxxxxxxxxxxxxxxxxxxxxxxxxxxxxxxxxxxxxxxxxxxxxxxxxxxxxxxxxxxxxxxxxxxxxxxxxxxxxxxxxxxxxxxxxxxxxxxxxxxxxxxxxxxxxxxxxxxxxxxxxxxxxxxxxxxxxxxxxxxxxxxxxxxxxxxxx""}"
exp2_policy_complexity_overhead,2026-05-24T17:59:30,10,and,10,attr1 and attr2 and attr3 and attr4 and attr5 and attr6 and attr7 and attr8 and attr9 and attr10,|attr1|attr2|attr3|attr4|attr5|attr6|attr7|attr8|attr9|attr10,256,2500,3336,3491,3486,9.7656,13.6367,1263.67,76.439,122.911,True,"[decrypt] attempting to decrypt ciphertext | [decrypt] recovered message: {""device"":""esp32"",""sensor"":""dht22"",""seq"":1,""data"":""xxxxxxxxxxxxxxxxxxxxxxxxxxxxxxxxxxxxxxxxxxxxxxxxxxxxxxxxxxxxxxxxxxxxxxxxxxxxxxxxxxxxxxxxxxxxxxxxxxxxxxxxxxxxxxxxxxxxxxxxxxxxxxxxxxxxxxxxxxxxxxxxxxxxxxxxxxxxxxxxxxxxxxxxxxxxxxxxxxxxxxxxxxxxxxxxxxxxxxxxxxx""}"
exp2_policy_complexity_overhead,2026-05-24T17:59:30,1,and,15,attr1 and attr2 and attr3 and attr4 and attr5 and attr6 and attr7 and attr8 and attr9 and attr10 and attr11 and attr12 and attr13 and attr14 and attr15,|attr1|attr2|attr3|attr4|attr5|attr6|attr7|attr8|attr9|attr10|attr11|attr12|attr13|attr14|attr15,256,3428,4572,4782,4777,13.3906,18.6797,1767.97,108.395,132.424,True,"[decrypt] attempting to decrypt ciphertext | [decrypt] recovered message: {""device"":""esp32"",""sensor"":""dht22"",""seq"":1,""data"":""xxxxxxxxxxxxxxxxxxxxxxxxxxxxxxxxxxxxxxxxxxxxxxxxxxxxxxxxxxxxxxxxxxxxxxxxxxxxxxxxxxxxxxxxxxxxxxxxxxxxxxxxxxxxxxxxxxxxxxxxxxxxxxxxxxxxxxxxxxxxxxxxxxxxxxxxxxxxxxxxxxxxxxxxxxxxxxxxxxxxxxxxxxxxxxxxxxxxxxxxxxx""}"
exp2_policy_complexity_overhead,2026-05-24T17:59:31,2,and,15,attr1 and attr2 and attr3 and attr4 and attr5 and attr6 and attr7 and attr8 and attr9 and attr10 and attr11 and attr12 and attr13 and attr14 and attr15,|attr1|attr2|attr3|attr4|attr5|attr6|attr7|attr8|attr9|attr10|attr11|attr12|attr13|attr14|attr15,256,3428,4572,4782,4777,13.3906,18.6797,1767.97,90.545,135.37,True,"[decrypt] attempting to decrypt ciphertext | [decrypt] recovered message: {""device"":""esp32"",""sensor"":""dht22"",""seq"":1,""data"":""xxxxxxxxxxxxxxxxxxxxxxxxxxxxxxxxxxxxxxxxxxxxxxxxxxxxxxxxxxxxxxxxxxxxxxxxxxxxxxxxxxxxxxxxxxxxxxxxxxxxxxxxxxxxxxxxxxxxxxxxxxxxxxxxxxxxxxxxxxxxxxxxxxxxxxxxxxxxxxxxxxxxxxxxxxxxxxxxxxxxxxxxxxxxxxxxxxxxxxxxxxx""}"
exp2_policy_complexity_overhead,2026-05-24T17:59:31,3,and,15,attr1 and attr2 and attr3 and attr4 and attr5 and attr6 and attr7 and attr8 and attr9 and attr10 and attr11 and attr12 and attr13 and attr14 and attr15,|attr1|attr2|attr3|attr4|attr5|attr6|attr7|attr8|attr9|attr10|attr11|attr12|attr13|attr14|attr15,256,3428,4572,4782,4777,13.3906,18.6797,1767.97,101.718,144.046,True,"[decrypt] attempting to decrypt ciphertext | [decrypt] recovered message: {""device"":""esp32"",""sensor"":""dht22"",""seq"":1,""data"":""xxxxxxxxxxxxxxxxxxxxxxxxxxxxxxxxxxxxxxxxxxxxxxxxxxxxxxxxxxxxxxxxxxxxxxxxxxxxxxxxxxxxxxxxxxxxxxxxxxxxxxxxxxxxxxxxxxxxxxxxxxxxxxxxxxxxxxxxxxxxxxxxxxxxxxxxxxxxxxxxxxxxxxxxxxxxxxxxxxxxxxxxxxxxxxxxxxxxxxxxxxx""}"
exp2_policy_complexity_overhead,2026-05-24T17:59:31,4,and,15,attr1 and attr2 and attr3 and attr4 and attr5 and attr6 and attr7 and attr8 and attr9 and attr10 and attr11 and attr12 and attr13 and attr14 and attr15,|attr1|attr2|attr3|attr4|attr5|attr6|attr7|attr8|attr9|attr10|attr11|attr12|attr13|attr14|attr15,256,3428,4572,4782,4777,13.3906,18.6797,1767.97,102.172,132.051,True,"[decrypt] attempting to decrypt ciphertext | [decrypt] recovered message: {""device"":""esp32"",""sensor"":""dht22"",""seq"":1,""data"":""xxxxxxxxxxxxxxxxxxxxxxxxxxxxxxxxxxxxxxxxxxxxxxxxxxxxxxxxxxxxxxxxxxxxxxxxxxxxxxxxxxxxxxxxxxxxxxxxxxxxxxxxxxxxxxxxxxxxxxxxxxxxxxxxxxxxxxxxxxxxxxxxxxxxxxxxxxxxxxxxxxxxxxxxxxxxxxxxxxxxxxxxxxxxxxxxxxxxxxxxxxx""}"
exp2_policy_complexity_overhead,2026-05-24T17:59:32,5,and,15,attr1 and attr2 and attr3 and attr4 and attr5 and attr6 and attr7 and attr8 and attr9 and attr10 and attr11 and attr12 and attr13 and attr14 and attr15,|attr1|attr2|attr3|attr4|attr5|attr6|attr7|attr8|attr9|attr10|attr11|attr12|attr13|attr14|attr15,256,3428,4572,4782,4777,13.3906,18.6797,1767.97,98.215,135.579,True,"[decrypt] attempting to decrypt ciphertext | [decrypt] recovered message: {""device"":""esp32"",""sensor"":""dht22"",""seq"":1,""data"":""xxxxxxxxxxxxxxxxxxxxxxxxxxxxxxxxxxxxxxxxxxxxxxxxxxxxxxxxxxxxxxxxxxxxxxxxxxxxxxxxxxxxxxxxxxxxxxxxxxxxxxxxxxxxxxxxxxxxxxxxxxxxxxxxxxxxxxxxxxxxxxxxxxxxxxxxxxxxxxxxxxxxxxxxxxxxxxxxxxxxxxxxxxxxxxxxxxxxxxxxxxx""}"
exp2_policy_complexity_overhead,2026-05-24T17:59:32,6,and,15,attr1 and attr2 and attr3 and attr4 and attr5 and attr6 and attr7 and attr8 and attr9 and attr10 and attr11 and attr12 and attr13 and attr14 and attr15,|attr1|attr2|attr3|attr4|attr5|attr6|attr7|attr8|attr9|attr10|attr11|attr12|attr13|attr14|attr15,256,3428,4572,4782,4777,13.3906,18.6797,1767.97,98.161,169.902,True,"[decrypt] attempting to decrypt ciphertext | [decrypt] recovered message: {""device"":""esp32"",""sensor"":""dht22"",""seq"":1,""data"":""xxxxxxxxxxxxxxxxxxxxxxxxxxxxxxxxxxxxxxxxxxxxxxxxxxxxxxxxxxxxxxxxxxxxxxxxxxxxxxxxxxxxxxxxxxxxxxxxxxxxxxxxxxxxxxxxxxxxxxxxxxxxxxxxxxxxxxxxxxxxxxxxxxxxxxxxxxxxxxxxxxxxxxxxxxxxxxxxxxxxxxxxxxxxxxxxxxxxxxxxxxx""}"
exp2_policy_complexity_overhead,2026-05-24T17:59:32,7,and,15,attr1 and attr2 and attr3 and attr4 and attr5 and attr6 and attr7 and attr8 and attr9 and attr10 and attr11 and attr12 and attr13 and attr14 and attr15,|attr1|attr2|attr3|attr4|attr5|attr6|attr7|attr8|attr9|attr10|attr11|attr12|attr13|attr14|attr15,256,3428,4572,4782,4777,13.3906,18.6797,1767.97,136.562,155.572,True,"[decrypt] attempting to decrypt ciphertext | [decrypt] recovered message: {""device"":""esp32"",""sensor"":""dht22"",""seq"":1,""data"":""xxxxxxxxxxxxxxxxxxxxxxxxxxxxxxxxxxxxxxxxxxxxxxxxxxxxxxxxxxxxxxxxxxxxxxxxxxxxxxxxxxxxxxxxxxxxxxxxxxxxxxxxxxxxxxxxxxxxxxxxxxxxxxxxxxxxxxxxxxxxxxxxxxxxxxxxxxxxxxxxxxxxxxxxxxxxxxxxxxxxxxxxxxxxxxxxxxxxxxxxxxx""}"
exp2_policy_complexity_overhead,2026-05-24T17:59:33,8,and,15,attr1 and attr2 and attr3 and attr4 and attr5 and attr6 and attr7 and attr8 and attr9 and attr10 and attr11 and attr12 and attr13 and attr14 and attr15,|attr1|attr2|attr3|attr4|attr5|attr6|attr7|attr8|attr9|attr10|attr11|attr12|attr13|attr14|attr15,256,3428,4572,4782,4777,13.3906,18.6797,1767.97,126.129,165.501,True,"[decrypt] attempting to decrypt ciphertext | [decrypt] recovered message: {""device"":""esp32"",""sensor"":""dht22"",""seq"":1,""data"":""xxxxxxxxxxxxxxxxxxxxxxxxxxxxxxxxxxxxxxxxxxxxxxxxxxxxxxxxxxxxxxxxxxxxxxxxxxxxxxxxxxxxxxxxxxxxxxxxxxxxxxxxxxxxxxxxxxxxxxxxxxxxxxxxxxxxxxxxxxxxxxxxxxxxxxxxxxxxxxxxxxxxxxxxxxxxxxxxxxxxxxxxxxxxxxxxxxxxxxxxxxx""}"
exp2_policy_complexity_overhead,2026-05-24T17:59:33,9,and,15,attr1 and attr2 and attr3 and attr4 and attr5 and attr6 and attr7 and attr8 and attr9 and attr10 and attr11 and attr12 and attr13 and attr14 and attr15,|attr1|attr2|attr3|attr4|attr5|attr6|attr7|attr8|attr9|attr10|attr11|attr12|attr13|attr14|attr15,256,3428,4572,4782,4777,13.3906,18.6797,1767.97,121.131,159.457,True,"[decrypt] attempting to decrypt ciphertext | [decrypt] recovered message: {""device"":""esp32"",""sensor"":""dht22"",""seq"":1,""data"":""xxxxxxxxxxxxxxxxxxxxxxxxxxxxxxxxxxxxxxxxxxxxxxxxxxxxxxxxxxxxxxxxxxxxxxxxxxxxxxxxxxxxxxxxxxxxxxxxxxxxxxxxxxxxxxxxxxxxxxxxxxxxxxxxxxxxxxxxxxxxxxxxxxxxxxxxxxxxxxxxxxxxxxxxxxxxxxxxxxxxxxxxxxxxxxxxxxxxxxxxxxx""}"
exp2_policy_complexity_overhead,2026-05-24T17:59:34,10,and,15,attr1 and attr2 and attr3 and attr4 and attr5 and attr6 and attr7 and attr8 and attr9 and attr10 and attr11 and attr12 and attr13 and attr14 and attr15,|attr1|attr2|attr3|attr4|attr5|attr6|attr7|attr8|attr9|attr10|attr11|attr12|attr13|attr14|attr15,256,3428,4572,4782,4777,13.3906,18.6797,1767.97,170.103,207.391,True,"[decrypt] attempting to decrypt ciphertext | [decrypt] recovered message: {""device"":""esp32"",""sensor"":""dht22"",""seq"":1,""data"":""xxxxxxxxxxxxxxxxxxxxxxxxxxxxxxxxxxxxxxxxxxxxxxxxxxxxxxxxxxxxxxxxxxxxxxxxxxxxxxxxxxxxxxxxxxxxxxxxxxxxxxxxxxxxxxxxxxxxxxxxxxxxxxxxxxxxxxxxxxxxxxxxxxxxxxxxxxxxxxxxxxxxxxxxxxxxxxxxxxxxxxxxxxxxxxxxxxxxxxxxxxx""}"
exp2_policy_complexity_overhead,2026-05-24T17:59:34,1,and,20,attr1 and attr2 and attr3 and attr4 and attr5 and attr6 and attr7 and attr8 and attr9 and attr10 and attr11 and attr12 and attr13 and attr14 and attr15 and attr16 and attr17 and attr18 and attr19 and attr20,|attr1|attr2|attr3|attr4|attr5|attr6|attr7|attr8|attr9|attr10|attr11|attr12|attr13|attr14|attr15|attr16|attr17|attr18|attr19|attr20,256,4352,5804,6069,6064,17.0,23.707,2270.7,109.377,141.014,True,"[decrypt] attempting to decrypt ciphertext | [decrypt] recovered message: {""device"":""esp32"",""sensor"":""dht22"",""seq"":1,""data"":""xxxxxxxxxxxxxxxxxxxxxxxxxxxxxxxxxxxxxxxxxxxxxxxxxxxxxxxxxxxxxxxxxxxxxxxxxxxxxxxxxxxxxxxxxxxxxxxxxxxxxxxxxxxxxxxxxxxxxxxxxxxxxxxxxxxxxxxxxxxxxxxxxxxxxxxxxxxxxxxxxxxxxxxxxxxxxxxxxxxxxxxxxxxxxxxxxxxxxxxxxxx""}"
exp2_policy_complexity_overhead,2026-05-24T17:59:35,2,and,20,attr1 and attr2 and attr3 and attr4 and attr5 and attr6 and attr7 and attr8 and attr9 and attr10 and attr11 and attr12 and attr13 and attr14 and attr15 and attr16 and attr17 and attr18 and attr19 and attr20,|attr1|attr2|attr3|attr4|attr5|attr6|attr7|attr8|attr9|attr10|attr11|attr12|attr13|attr14|attr15|attr16|attr17|attr18|attr19|attr20,256,4352,5804,6069,6064,17.0,23.707,2270.7,100.527,148.243,True,"[decrypt] attempting to decrypt ciphertext | [decrypt] recovered message: {""device"":""esp32"",""sensor"":""dht22"",""seq"":1,""data"":""xxxxxxxxxxxxxxxxxxxxxxxxxxxxxxxxxxxxxxxxxxxxxxxxxxxxxxxxxxxxxxxxxxxxxxxxxxxxxxxxxxxxxxxxxxxxxxxxxxxxxxxxxxxxxxxxxxxxxxxxxxxxxxxxxxxxxxxxxxxxxxxxxxxxxxxxxxxxxxxxxxxxxxxxxxxxxxxxxxxxxxxxxxxxxxxxxxxxxxxxxxx""}"
exp2_policy_complexity_overhead,2026-05-24T17:59:35,3,and,20,attr1 and attr2 and attr3 and attr4 and attr5 and attr6 and attr7 and attr8 and attr9 and attr10 and attr11 and attr12 and attr13 and attr14 and attr15 and attr16 and attr17 and attr18 and attr19 and attr20,|attr1|attr2|attr3|attr4|attr5|attr6|attr7|attr8|attr9|attr10|attr11|attr12|attr13|attr14|attr15|attr16|attr17|attr18|attr19|attr20,256,4352,5804,6069,6064,17.0,23.707,2270.7,114.622,137.997,True,"[decrypt] attempting to decrypt ciphertext | [decrypt] recovered message: {""device"":""esp32"",""sensor"":""dht22"",""seq"":1,""data"":""xxxxxxxxxxxxxxxxxxxxxxxxxxxxxxxxxxxxxxxxxxxxxxxxxxxxxxxxxxxxxxxxxxxxxxxxxxxxxxxxxxxxxxxxxxxxxxxxxxxxxxxxxxxxxxxxxxxxxxxxxxxxxxxxxxxxxxxxxxxxxxxxxxxxxxxxxxxxxxxxxxxxxxxxxxxxxxxxxxxxxxxxxxxxxxxxxxxxxxxxxxx""}"
exp2_policy_complexity_overhead,2026-05-24T17:59:35,4,and,20,attr1 and attr2 and attr3 and attr4 and attr5 and attr6 and attr7 and attr8 and attr9 and attr10 and attr11 and attr12 and attr13 and attr14 and attr15 and attr16 and attr17 and attr18 and attr19 and attr20,|attr1|attr2|attr3|attr4|attr5|attr6|attr7|attr8|attr9|attr10|attr11|attr12|attr13|attr14|attr15|attr16|attr17|attr18|attr19|attr20,256,4352,5804,6069,6064,17.0,23.707,2270.7,102.165,142.211,True,"[decrypt] attempting to decrypt ciphertext | [decrypt] recovered message: {""device"":""esp32"",""sensor"":""dht22"",""seq"":1,""data"":""xxxxxxxxxxxxxxxxxxxxxxxxxxxxxxxxxxxxxxxxxxxxxxxxxxxxxxxxxxxxxxxxxxxxxxxxxxxxxxxxxxxxxxxxxxxxxxxxxxxxxxxxxxxxxxxxxxxxxxxxxxxxxxxxxxxxxxxxxxxxxxxxxxxxxxxxxxxxxxxxxxxxxxxxxxxxxxxxxxxxxxxxxxxxxxxxxxxxxxxxxxx""}"
exp2_policy_complexity_overhead,2026-05-24T17:59:36,5,and,20,attr1 and attr2 and attr3 and attr4 and attr5 and attr6 and attr7 and attr8 and attr9 and attr10 and attr11 and attr12 and attr13 and attr14 and attr15 and attr16 and attr17 and attr18 and attr19 and attr20,|attr1|attr2|attr3|attr4|attr5|attr6|attr7|attr8|attr9|attr10|attr11|attr12|attr13|attr14|attr15|attr16|attr17|attr18|attr19|attr20,256,4352,5804,6069,6064,17.0,23.707,2270.7,104.002,146.3,True,"[decrypt] attempting to decrypt ciphertext | [decrypt] recovered message: {""device"":""esp32"",""sensor"":""dht22"",""seq"":1,""data"":""xxxxxxxxxxxxxxxxxxxxxxxxxxxxxxxxxxxxxxxxxxxxxxxxxxxxxxxxxxxxxxxxxxxxxxxxxxxxxxxxxxxxxxxxxxxxxxxxxxxxxxxxxxxxxxxxxxxxxxxxxxxxxxxxxxxxxxxxxxxxxxxxxxxxxxxxxxxxxxxxxxxxxxxxxxxxxxxxxxxxxxxxxxxxxxxxxxxxxxxxxxx""}"
exp2_policy_complexity_overhead,2026-05-24T17:59:36,6,and,20,attr1 and attr2 and attr3 and attr4 and attr5 and attr6 and attr7 and attr8 and attr9 and attr10 and attr11 and attr12 and attr13 and attr14 and attr15 and attr16 and attr17 and attr18 and attr19 and attr20,|attr1|attr2|attr3|attr4|attr5|attr6|attr7|attr8|attr9|attr10|attr11|attr12|attr13|attr14|attr15|attr16|attr17|attr18|attr19|attr20,256,4352,5804,6069,6064,17.0,23.707,2270.7,126.002,155.016,True,"[decrypt] attempting to decrypt ciphertext | [decrypt] recovered message: {""device"":""esp32"",""sensor"":""dht22"",""seq"":1,""data"":""xxxxxxxxxxxxxxxxxxxxxxxxxxxxxxxxxxxxxxxxxxxxxxxxxxxxxxxxxxxxxxxxxxxxxxxxxxxxxxxxxxxxxxxxxxxxxxxxxxxxxxxxxxxxxxxxxxxxxxxxxxxxxxxxxxxxxxxxxxxxxxxxxxxxxxxxxxxxxxxxxxxxxxxxxxxxxxxxxxxxxxxxxxxxxxxxxxxxxxxxxxx""}"
exp2_policy_complexity_overhead,2026-05-24T17:59:36,7,and,20,attr1 and attr2 and attr3 and attr4 and attr5 and attr6 and attr7 and attr8 and attr9 and attr10 and attr11 and attr12 and attr13 and attr14 and attr15 and attr16 and attr17 and attr18 and attr19 and attr20,|attr1|attr2|attr3|attr4|attr5|attr6|attr7|attr8|attr9|attr10|attr11|attr12|attr13|attr14|attr15|attr16|attr17|attr18|attr19|attr20,256,4352,5804,6069,6064,17.0,23.707,2270.7,101.152,152.691,True,"[decrypt] attempting to decrypt ciphertext | [decrypt] recovered message: {""device"":""esp32"",""sensor"":""dht22"",""seq"":1,""data"":""xxxxxxxxxxxxxxxxxxxxxxxxxxxxxxxxxxxxxxxxxxxxxxxxxxxxxxxxxxxxxxxxxxxxxxxxxxxxxxxxxxxxxxxxxxxxxxxxxxxxxxxxxxxxxxxxxxxxxxxxxxxxxxxxxxxxxxxxxxxxxxxxxxxxxxxxxxxxxxxxxxxxxxxxxxxxxxxxxxxxxxxxxxxxxxxxxxxxxxxxxxx""}"
exp2_policy_complexity_overhead,2026-05-24T17:59:37,8,and,20,attr1 and attr2 and attr3 and attr4 and attr5 and attr6 and attr7 and attr8 and attr9 and attr10 and attr11 and attr12 and attr13 and attr14 and attr15 and attr16 and attr17 and attr18 and attr19 and attr20,|attr1|attr2|attr3|attr4|attr5|attr6|attr7|attr8|attr9|attr10|attr11|attr12|attr13|attr14|attr15|attr16|attr17|attr18|attr19|attr20,256,4352,5804,6069,6064,17.0,23.707,2270.7,92.922,154.029,True,"[decrypt] attempting to decrypt ciphertext | [decrypt] recovered message: {""device"":""esp32"",""sensor"":""dht22"",""seq"":1,""data"":""xxxxxxxxxxxxxxxxxxxxxxxxxxxxxxxxxxxxxxxxxxxxxxxxxxxxxxxxxxxxxxxxxxxxxxxxxxxxxxxxxxxxxxxxxxxxxxxxxxxxxxxxxxxxxxxxxxxxxxxxxxxxxxxxxxxxxxxxxxxxxxxxxxxxxxxxxxxxxxxxxxxxxxxxxxxxxxxxxxxxxxxxxxxxxxxxxxxxxxxxxxx""}"
exp2_policy_complexity_overhead,2026-05-24T17:59:37,9,and,20,attr1 and attr2 and attr3 and attr4 and attr5 and attr6 and attr7 and attr8 and attr9 and attr10 and attr11 and attr12 and attr13 and attr14 and attr15 and attr16 and attr17 and attr18 and attr19 and attr20,|attr1|attr2|attr3|attr4|attr5|attr6|attr7|attr8|attr9|attr10|attr11|attr12|attr13|attr14|attr15|attr16|attr17|attr18|attr19|attr20,256,4352,5804,6069,6064,17.0,23.707,2270.7,107.007,140.53,True,"[decrypt] attempting to decrypt ciphertext | [decrypt] recovered message: {""device"":""esp32"",""sensor"":""dht22"",""seq"":1,""data"":""xxxxxxxxxxxxxxxxxxxxxxxxxxxxxxxxxxxxxxxxxxxxxxxxxxxxxxxxxxxxxxxxxxxxxxxxxxxxxxxxxxxxxxxxxxxxxxxxxxxxxxxxxxxxxxxxxxxxxxxxxxxxxxxxxxxxxxxxxxxxxxxxxxxxxxxxxxxxxxxxxxxxxxxxxxxxxxxxxxxxxxxxxxxxxxxxxxxxxxxxxxx""}"
exp2_policy_complexity_overhead,2026-05-24T17:59:37,10,and,20,attr1 and attr2 and attr3 and attr4 and attr5 and attr6 and attr7 and attr8 and attr9 and attr10 and attr11 and attr12 and attr13 and attr14 and attr15 and attr16 and attr17 and attr18 and attr19 and attr20,|attr1|attr2|attr3|attr4|attr5|attr6|attr7|attr8|attr9|attr10|attr11|attr12|attr13|attr14|attr15|attr16|attr17|attr18|attr19|attr20,256,4352,5804,6069,6064,17.0,23.707,2270.7,98.008,145.786,True,"[decrypt] attempting to decrypt ciphertext | [decrypt] recovered message: {""device"":""esp32"",""sensor"":""dht22"",""seq"":1,""data"":""xxxxxxxxxxxxxxxxxxxxxxxxxxxxxxxxxxxxxxxxxxxxxxxxxxxxxxxxxxxxxxxxxxxxxxxxxxxxxxxxxxxxxxxxxxxxxxxxxxxxxxxxxxxxxxxxxxxxxxxxxxxxxxxxxxxxxxxxxxxxxxxxxxxxxxxxxxxxxxxxxxxxxxxxxxxxxxxxxxxxxxxxxxxxxxxxxxxxxxxxxxx""}"
