experiment,timestamp,target_message_volume,message_index,input_topic,output_topic,raw_payload,normalized_payload,plaintext_bytes,policy,usk_attributes,ciphertext_bin_bytes,ciphertext_b64_bytes,mqtt_message_bytes,mqtt_compact_message_bytes,overhead_ciphertext_ratio,overhead_mqtt_ratio,overhead_mqtt_percentage,encryption_time_ms,decryption_time_ms,decrypt_success,recovered_output
exp3_message_volume_real_sensor,2026-05-24T19:37:40,30,1,sala/sensor,sala/sensor/ciphertext/exp3,"{""temp"": 24.70, ""hum"": 81.20}","{""temp"":24.7,""hum"":81.2}",24,attr1 or attr2,|attr1,732,976,1049,1044,30.5,43.7083,4270.83,79.018,73.32,True,"[decrypt] attempting to decrypt ciphertext | [decrypt] recovered message: {""temp"":24.7,""hum"":81.2}"
exp3_message_volume_real_sensor,2026-05-24T19:37:45,30,2,sala/sensor,sala/sensor/ciphertext/exp3,"{""temp"": 24.70, ""hum"": 81.20}","{""temp"":24.7,""hum"":81.2}",24,attr1 or attr2,|attr1,732,976,1049,1044,30.5,43.7083,4270.83,68.828,88.209,True,"[decrypt] attempting to decrypt ciphertext | [decrypt] recovered message: {""temp"":24.7,""hum"":81.2}"
exp3_message_volume_real_sensor,2026-05-24T19:37:49,30,3,sala/sensor,sala/sensor/ciphertext/exp3,"{""temp"": 24.70, ""hum"": 81.20}","{""temp"":24.7,""hum"":81.2}",24,attr1 or attr2,|attr1,732,976,1049,1044,30.5,43.7083,4270.83,75.992,75.017,True,"[decrypt] attempting to decrypt ciphertext | [decrypt] recovered message: {""temp"":24.7,""hum"":81.2}"
exp3_message_volume_real_sensor,2026-05-24T19:37:54,30,4,sala/sensor,sala/sensor/ciphertext/exp3,"{""temp"": 24.70, ""hum"": 81.20}","{""temp"":24.7,""hum"":81.2}",24,attr1 or attr2,|attr1,732,976,1049,1044,30.5,43.7083,4270.83,65.148,75.561,True,"[decrypt] attempting to decrypt ciphertext | [decrypt] recovered message: {""temp"":24.7,""hum"":81.2}"
exp3_message_volume_real_sensor,2026-05-24T19:37:59,30,5,sala/sensor,sala/sensor/ciphertext/exp3,"{""temp"": 24.70, ""hum"": 81.20}","{""temp"":24.7,""hum"":81.2}",24,attr1 or attr2,|attr1,732,976,1049,1044,30.5,43.7083,4270.83,82.273,74.115,True,"[decrypt] attempting to decrypt ciphertext | [decrypt] recovered message: {""temp"":24.7,""hum"":81.2}"
exp3_message_volume_real_sensor,2026-05-24T19:38:05,30,6,sala/sensor,sala/sensor/ciphertext/exp3,"{""temp"": 24.70, ""hum"": 81.20}","{""temp"":24.7,""hum"":81.2}",24,attr1 or attr2,|attr1,732,976,1049,1044,30.5,43.7083,4270.83,80.247,73.092,True,"[decrypt] attempting to decrypt ciphertext | [decrypt] recovered message: {""temp"":24.7,""hum"":81.2}"
exp3_message_volume_real_sensor,2026-05-24T19:38:10,30,7,sala/sensor,sala/sensor/ciphertext/exp3,"{""temp"": 24.70, ""hum"": 81.20}","{""temp"":24.7,""hum"":81.2}",24,attr1 or attr2,|attr1,732,976,1049,1044,30.5,43.7083,4270.83,76.224,73.462,True,"[decrypt] attempting to decrypt ciphertext | [decrypt] recovered message: {""temp"":24.7,""hum"":81.2}"
exp3_message_volume_real_sensor,2026-05-24T19:38:15,30,8,sala/sensor,sala/sensor/ciphertext/exp3,"{""temp"": 24.70, ""hum"": 81.10}","{""temp"":24.7,""hum"":81.1}",24,attr1 or attr2,|attr1,732,976,1049,1044,30.5,43.7083,4270.83,82.173,80.463,True,"[decrypt] attempting to decrypt ciphertext | [decrypt] recovered message: {""temp"":24.7,""hum"":81.1}"
exp3_message_volume_real_sensor,2026-05-24T19:38:20,30,9,sala/sensor,sala/sensor/ciphertext/exp3,"{""temp"": 24.70, ""hum"": 81.20}","{""temp"":24.7,""hum"":81.2}",24,attr1 or attr2,|attr1,732,976,1049,1044,30.5,43.7083,4270.83,70.938,89.315,True,"[decrypt] attempting to decrypt ciphertext | [decrypt] recovered message: {""temp"":24.7,""hum"":81.2}"
exp3_message_volume_real_sensor,2026-05-24T19:38:25,30,10,sala/sensor,sala/sensor/ciphertext/exp3,"{""temp"": 24.70, ""hum"": 81.20}","{""temp"":24.7,""hum"":81.2}",24,attr1 or attr2,|attr1,732,976,1049,1044,30.5,43.7083,4270.83,90.977,71.409,True,"[decrypt] attempting to decrypt ciphertext | [decrypt] recovered message: {""temp"":24.7,""hum"":81.2}"
exp3_message_volume_real_sensor,2026-05-24T19:38:30,30,11,sala/sensor,sala/sensor/ciphertext/exp3,"{""temp"": 24.70, ""hum"": 81.10}","{""temp"":24.7,""hum"":81.1}",24,attr1 or attr2,|attr1,732,976,1049,1044,30.5,43.7083,4270.83,70.555,76.329,True,"[decrypt] attempting to decrypt ciphertext | [decrypt] recovered message: {""temp"":24.7,""hum"":81.1}"
exp3_message_volume_real_sensor,2026-05-24T19:38:35,30,12,sala/sensor,sala/sensor/ciphertext/exp3,"{""temp"": 24.70, ""hum"": 81.10}","{""temp"":24.7,""hum"":81.1}",24,attr1 or attr2,|attr1,732,976,1049,1044,30.5,43.7083,4270.83,86.988,76.819,True,"[decrypt] attempting to decrypt ciphertext | [decrypt] recovered message: {""temp"":24.7,""hum"":81.1}"
exp3_message_volume_real_sensor,2026-05-24T19:38:40,30,13,sala/sensor,sala/sensor/ciphertext/exp3,"{""temp"": 24.70, ""hum"": 81.20}","{""temp"":24.7,""hum"":81.2}",24,attr1 or attr2,|attr1,732,976,1049,1044,30.5,43.7083,4270.83,87.079,84.385,True,"[decrypt] attempting to decrypt ciphertext | [decrypt] recovered message: {""temp"":24.7,""hum"":81.2}"
exp3_message_volume_real_sensor,2026-05-24T19:38:45,30,14,sala/sensor,sala/sensor/ciphertext/exp3,"{""temp"": 24.70, ""hum"": 81.10}","{""temp"":24.7,""hum"":81.1}",24,attr1 or attr2,|attr1,732,976,1049,1044,30.5,43.7083,4270.83,78.073,79.542,True,"[decrypt] attempting to decrypt ciphertext | [decrypt] recovered message: {""temp"":24.7,""hum"":81.1}"
exp3_message_volume_real_sensor,2026-05-24T19:38:50,30,15,sala/sensor,sala/sensor/ciphertext/exp3,"{""temp"": 24.70, ""hum"": 81.10}","{""temp"":24.7,""hum"":81.1}",24,attr1 or attr2,|attr1,732,976,1049,1044,30.5,43.7083,4270.83,64.935,84.148,True,"[decrypt] attempting to decrypt ciphertext | [decrypt] recovered message: {""temp"":24.7,""hum"":81.1}"
exp3_message_volume_real_sensor,2026-05-24T19:38:55,30,16,sala/sensor,sala/sensor/ciphertext/exp3,"{""temp"": 24.70, ""hum"": 81.10}","{""temp"":24.7,""hum"":81.1}",24,attr1 or attr2,|attr1,732,976,1049,1044,30.5,43.7083,4270.83,76.49,86.865,True,"[decrypt] attempting to decrypt ciphertext | [decrypt] recovered message: {""temp"":24.7,""hum"":81.1}"
exp3_message_volume_real_sensor,2026-05-24T19:39:00,30,17,sala/sensor,sala/sensor/ciphertext/exp3,"{""temp"": 24.70, ""hum"": 81.10}","{""temp"":24.7,""hum"":81.1}",24,attr1 or attr2,|attr1,732,976,1049,1044,30.5,43.7083,4270.83,80.612,76.048,True,"[decrypt] attempting to decrypt ciphertext | [decrypt] recovered message: {""temp"":24.7,""hum"":81.1}"
exp3_message_volume_real_sensor,2026-05-24T19:39:05,30,18,sala/sensor,sala/sensor/ciphertext/exp3,"{""temp"": 24.70, ""hum"": 81.20}","{""temp"":24.7,""hum"":81.2}",24,attr1 or attr2,|attr1,732,976,1049,1044,30.5,43.7083,4270.83,67.522,88.298,True,"[decrypt] attempting to decrypt ciphertext | [decrypt] recovered message: {""temp"":24.7,""hum"":81.2}"
exp3_message_volume_real_sensor,2026-05-24T19:39:10,30,19,sala/sensor,sala/sensor/ciphertext/exp3,"{""temp"": 24.70, ""hum"": 81.20}","{""temp"":24.7,""hum"":81.2}",24,attr1 or attr2,|attr1,732,976,1049,1044,30.5,43.7083,4270.83,65.186,98.482,True,"[decrypt] attempting to decrypt ciphertext | [decrypt] recovered message: {""temp"":24.7,""hum"":81.2}"
exp3_message_volume_real_sensor,2026-05-24T19:39:15,30,20,sala/sensor,sala/sensor/ciphertext/exp3,"{""temp"": 24.70, ""hum"": 81.20}","{""temp"":24.7,""hum"":81.2}",24,attr1 or attr2,|attr1,732,976,1049,1044,30.5,43.7083,4270.83,79.315,80.152,True,"[decrypt] attempting to decrypt ciphertext | [decrypt] recovered message: {""temp"":24.7,""hum"":81.2}"
exp3_message_volume_real_sensor,2026-05-24T19:39:20,30,21,sala/sensor,sala/sensor/ciphertext/exp3,"{""temp"": 24.70, ""hum"": 81.20}","{""temp"":24.7,""hum"":81.2}",24,attr1 or attr2,|attr1,732,976,1049,1044,30.5,43.7083,4270.83,78.109,77.468,True,"[decrypt] attempting to decrypt ciphertext | [decrypt] recovered message: {""temp"":24.7,""hum"":81.2}"
exp3_message_volume_real_sensor,2026-05-24T19:39:25,30,22,sala/sensor,sala/sensor/ciphertext/exp3,"{""temp"": 24.70, ""hum"": 81.20}","{""temp"":24.7,""hum"":81.2}",24,attr1 or attr2,|attr1,732,976,1049,1044,30.5,43.7083,4270.83,77.037,88.796,True,"[decrypt] attempting to decrypt ciphertext | [decrypt] recovered message: {""temp"":24.7,""hum"":81.2}"
exp3_message_volume_real_sensor,2026-05-24T19:39:30,30,23,sala/sensor,sala/sensor/ciphertext/exp3,"{""temp"": 24.70, ""hum"": 81.10}","{""temp"":24.7,""hum"":81.1}",24,attr1 or attr2,|attr1,732,976,1049,1044,30.5,43.7083,4270.83,73.654,86.954,True,"[decrypt] attempting to decrypt ciphertext | [decrypt] recovered message: {""temp"":24.7,""hum"":81.1}"
exp3_message_volume_real_sensor,2026-05-24T19:39:35,30,24,sala/sensor,sala/sensor/ciphertext/exp3,"{""temp"": 24.70, ""hum"": 81.20}","{""temp"":24.7,""hum"":81.2}",24,attr1 or attr2,|attr1,732,976,1049,1044,30.5,43.7083,4270.83,80.533,76.506,True,"[decrypt] attempting to decrypt ciphertext | [decrypt] recovered message: {""temp"":24.7,""hum"":81.2}"
exp3_message_volume_real_sensor,2026-05-24T19:39:40,30,25,sala/sensor,sala/sensor/ciphertext/exp3,"{""temp"": 24.80, ""hum"": 81.20}","{""temp"":24.8,""hum"":81.2}",24,attr1 or attr2,|attr1,732,976,1049,1044,30.5,43.7083,4270.83,78.674,87.11,True,"[decrypt] attempting to decrypt ciphertext | [decrypt] recovered message: {""temp"":24.8,""hum"":81.2}"
exp3_message_volume_real_sensor,2026-05-24T19:39:45,30,26,sala/sensor,sala/sensor/ciphertext/exp3,"{""temp"": 24.70, ""hum"": 81.10}","{""temp"":24.7,""hum"":81.1}",24,attr1 or attr2,|attr1,732,976,1049,1044,30.5,43.7083,4270.83,75.921,75.203,True,"[decrypt] attempting to decrypt ciphertext | [decrypt] recovered message: {""temp"":24.7,""hum"":81.1}"
exp3_message_volume_real_sensor,2026-05-24T19:39:50,30,27,sala/sensor,sala/sensor/ciphertext/exp3,"{""temp"": 24.70, ""hum"": 81.10}","{""temp"":24.7,""hum"":81.1}",24,attr1 or attr2,|attr1,732,976,1049,1044,30.5,43.7083,4270.83,66.223,74.374,True,"[decrypt] attempting to decrypt ciphertext | [decrypt] recovered message: {""temp"":24.7,""hum"":81.1}"
exp3_message_volume_real_sensor,2026-05-24T19:39:55,30,28,sala/sensor,sala/sensor/ciphertext/exp3,"{""temp"": 24.70, ""hum"": 81.20}","{""temp"":24.7,""hum"":81.2}",24,attr1 or attr2,|attr1,732,976,1049,1044,30.5,43.7083,4270.83,67.749,82.965,True,"[decrypt] attempting to decrypt ciphertext | [decrypt] recovered message: {""temp"":24.7,""hum"":81.2}"
exp3_message_volume_real_sensor,2026-05-24T19:40:00,30,29,sala/sensor,sala/sensor/ciphertext/exp3,"{""temp"": 24.80, ""hum"": 81.20}","{""temp"":24.8,""hum"":81.2}",24,attr1 or attr2,|attr1,732,976,1049,1044,30.5,43.7083,4270.83,69.74,75.119,True,"[decrypt] attempting to decrypt ciphertext | [decrypt] recovered message: {""temp"":24.8,""hum"":81.2}"
exp3_message_volume_real_sensor,2026-05-24T19:40:05,30,30,sala/sensor,sala/sensor/ciphertext/exp3,"{""temp"": 24.70, ""hum"": 81.20}","{""temp"":24.7,""hum"":81.2}",24,attr1 or attr2,|attr1,732,976,1049,1044,30.5,43.7083,4270.83,72.114,65.94,True,"[decrypt] attempting to decrypt ciphertext | [decrypt] recovered message: {""temp"":24.7,""hum"":81.2}"
exp3_message_volume_real_sensor,2026-05-24T19:40:10,60,1,sala/sensor,sala/sensor/ciphertext/exp3,"{""temp"": 24.70, ""hum"": 81.20}","{""temp"":24.7,""hum"":81.2}",24,attr1 or attr2,|attr1,732,976,1049,1044,30.5,43.7083,4270.83,78.974,80.77,True,"[decrypt] attempting to decrypt ciphertext | [decrypt] recovered message: {""temp"":24.7,""hum"":81.2}"
exp3_message_volume_real_sensor,2026-05-24T19:40:15,60,2,sala/sensor,sala/sensor/ciphertext/exp3,"{""temp"": 24.70, ""hum"": 81.20}","{""temp"":24.7,""hum"":81.2}",24,attr1 or attr2,|attr1,732,976,1049,1044,30.5,43.7083,4270.83,69.123,74.553,True,"[decrypt] attempting to decrypt ciphertext | [decrypt] recovered message: {""temp"":24.7,""hum"":81.2}"
exp3_message_volume_real_sensor,2026-05-24T19:40:20,60,3,sala/sensor,sala/sensor/ciphertext/exp3,"{""temp"": 24.70, ""hum"": 81.20}","{""temp"":24.7,""hum"":81.2}",24,attr1 or attr2,|attr1,732,976,1049,1044,30.5,43.7083,4270.83,66.677,77.039,True,"[decrypt] attempting to decrypt ciphertext | [decrypt] recovered message: {""temp"":24.7,""hum"":81.2}"
exp3_message_volume_real_sensor,2026-05-24T19:40:25,60,4,sala/sensor,sala/sensor/ciphertext/exp3,"{""temp"": 24.70, ""hum"": 81.20}","{""temp"":24.7,""hum"":81.2}",24,attr1 or attr2,|attr1,732,976,1049,1044,30.5,43.7083,4270.83,72.43,79.859,True,"[decrypt] attempting to decrypt ciphertext | [decrypt] recovered message: {""temp"":24.7,""hum"":81.2}"
exp3_message_volume_real_sensor,2026-05-24T19:40:30,60,5,sala/sensor,sala/sensor/ciphertext/exp3,"{""temp"": 24.70, ""hum"": 81.10}","{""temp"":24.7,""hum"":81.1}",24,attr1 or attr2,|attr1,732,976,1049,1044,30.5,43.7083,4270.83,79.655,83.84,True,"[decrypt] attempting to decrypt ciphertext | [decrypt] recovered message: {""temp"":24.7,""hum"":81.1}"
exp3_message_volume_real_sensor,2026-05-24T19:40:35,60,6,sala/sensor,sala/sensor/ciphertext/exp3,"{""temp"": 24.70, ""hum"": 81.20}","{""temp"":24.7,""hum"":81.2}",24,attr1 or attr2,|attr1,732,976,1049,1044,30.5,43.7083,4270.83,71.431,76.394,True,"[decrypt] attempting to decrypt ciphertext | [decrypt] recovered message: {""temp"":24.7,""hum"":81.2}"
exp3_message_volume_real_sensor,2026-05-24T19:40:40,60,7,sala/sensor,sala/sensor/ciphertext/exp3,"{""temp"": 24.70, ""hum"": 81.20}","{""temp"":24.7,""hum"":81.2}",24,attr1 or attr2,|attr1,732,976,1049,1044,30.5,43.7083,4270.83,71.881,82.796,True,"[decrypt] attempting to decrypt ciphertext | [decrypt] recovered message: {""temp"":24.7,""hum"":81.2}"
exp3_message_volume_real_sensor,2026-05-24T19:40:45,60,8,sala/sensor,sala/sensor/ciphertext/exp3,"{""temp"": 24.70, ""hum"": 81.20}","{""temp"":24.7,""hum"":81.2}",24,attr1 or attr2,|attr1,732,976,1049,1044,30.5,43.7083,4270.83,75.687,78.651,True,"[decrypt] attempting to decrypt ciphertext | [decrypt] recovered message: {""temp"":24.7,""hum"":81.2}"
exp3_message_volume_real_sensor,2026-05-24T19:40:50,60,9,sala/sensor,sala/sensor/ciphertext/exp3,"{""temp"": 24.70, ""hum"": 81.20}","{""temp"":24.7,""hum"":81.2}",24,attr1 or attr2,|attr1,732,976,1049,1044,30.5,43.7083,4270.83,65.165,77.684,True,"[decrypt] attempting to decrypt ciphertext | [decrypt] recovered message: {""temp"":24.7,""hum"":81.2}"
exp3_message_volume_real_sensor,2026-05-24T19:40:55,60,10,sala/sensor,sala/sensor/ciphertext/exp3,"{""temp"": 24.70, ""hum"": 81.20}","{""temp"":24.7,""hum"":81.2}",24,attr1 or attr2,|attr1,732,976,1049,1044,30.5,43.7083,4270.83,73.576,88.539,True,"[decrypt] attempting to decrypt ciphertext | [decrypt] recovered message: {""temp"":24.7,""hum"":81.2}"
exp3_message_volume_real_sensor,2026-05-24T19:41:00,60,11,sala/sensor,sala/sensor/ciphertext/exp3,"{""temp"": 24.70, ""hum"": 81.20}","{""temp"":24.7,""hum"":81.2}",24,attr1 or attr2,|attr1,732,976,1049,1044,30.5,43.7083,4270.83,69.285,82.201,True,"[decrypt] attempting to decrypt ciphertext | [decrypt] recovered message: {""temp"":24.7,""hum"":81.2}"
exp3_message_volume_real_sensor,2026-05-24T19:41:05,60,12,sala/sensor,sala/sensor/ciphertext/exp3,"{""temp"": 24.70, ""hum"": 81.20}","{""temp"":24.7,""hum"":81.2}",24,attr1 or attr2,|attr1,732,976,1049,1044,30.5,43.7083,4270.83,89.955,77.596,True,"[decrypt] attempting to decrypt ciphertext | [decrypt] recovered message: {""temp"":24.7,""hum"":81.2}"
exp3_message_volume_real_sensor,2026-05-24T19:41:10,60,13,sala/sensor,sala/sensor/ciphertext/exp3,"{""temp"": 24.70, ""hum"": 81.20}","{""temp"":24.7,""hum"":81.2}",24,attr1 or attr2,|attr1,732,976,1049,1044,30.5,43.7083,4270.83,82.515,72.24,True,"[decrypt] attempting to decrypt ciphertext | [decrypt] recovered message: {""temp"":24.7,""hum"":81.2}"
exp3_message_volume_real_sensor,2026-05-24T19:41:15,60,14,sala/sensor,sala/sensor/ciphertext/exp3,"{""temp"": 24.70, ""hum"": 81.20}","{""temp"":24.7,""hum"":81.2}",24,attr1 or attr2,|attr1,732,976,1049,1044,30.5,43.7083,4270.83,72.149,85.792,True,"[decrypt] attempting to decrypt ciphertext | [decrypt] recovered message: {""temp"":24.7,""hum"":81.2}"
exp3_message_volume_real_sensor,2026-05-24T19:41:20,60,15,sala/sensor,sala/sensor/ciphertext/exp3,"{""temp"": 24.70, ""hum"": 81.20}","{""temp"":24.7,""hum"":81.2}",24,attr1 or attr2,|attr1,732,976,1049,1044,30.5,43.7083,4270.83,68.623,76.348,True,"[decrypt] attempting to decrypt ciphertext | [decrypt] recovered message: {""temp"":24.7,""hum"":81.2}"
exp3_message_volume_real_sensor,2026-05-24T19:41:25,60,16,sala/sensor,sala/sensor/ciphertext/exp3,"{""temp"": 24.70, ""hum"": 81.10}","{""temp"":24.7,""hum"":81.1}",24,attr1 or attr2,|attr1,732,976,1049,1044,30.5,43.7083,4270.83,73.028,87.625,True,"[decrypt] attempting to decrypt ciphertext | [decrypt] recovered message: {""temp"":24.7,""hum"":81.1}"
exp3_message_volume_real_sensor,2026-05-24T19:41:30,60,17,sala/sensor,sala/sensor/ciphertext/exp3,"{""temp"": 24.70, ""hum"": 81.20}","{""temp"":24.7,""hum"":81.2}",24,attr1 or attr2,|attr1,732,976,1049,1044,30.5,43.7083,4270.83,87.756,74.579,True,"[decrypt] attempting to decrypt ciphertext | [decrypt] recovered message: {""temp"":24.7,""hum"":81.2}"
exp3_message_volume_real_sensor,2026-05-24T19:41:35,60,18,sala/sensor,sala/sensor/ciphertext/exp3,"{""temp"": 24.70, ""hum"": 81.20}","{""temp"":24.7,""hum"":81.2}",24,attr1 or attr2,|attr1,732,976,1049,1044,30.5,43.7083,4270.83,74.288,83.556,True,"[decrypt] attempting to decrypt ciphertext | [decrypt] recovered message: {""temp"":24.7,""hum"":81.2}"
exp3_message_volume_real_sensor,2026-05-24T19:41:40,60,19,sala/sensor,sala/sensor/ciphertext/exp3,"{""temp"": 24.70, ""hum"": 81.20}","{""temp"":24.7,""hum"":81.2}",24,attr1 or attr2,|attr1,732,976,1049,1044,30.5,43.7083,4270.83,82.506,86.308,True,"[decrypt] attempting to decrypt ciphertext | [decrypt] recovered message: {""temp"":24.7,""hum"":81.2}"
exp3_message_volume_real_sensor,2026-05-24T19:41:45,60,20,sala/sensor,sala/sensor/ciphertext/exp3,"{""temp"": 24.70, ""hum"": 81.20}","{""temp"":24.7,""hum"":81.2}",24,attr1 or attr2,|attr1,732,976,1049,1044,30.5,43.7083,4270.83,80.366,72.643,True,"[decrypt] attempting to decrypt ciphertext | [decrypt] recovered message: {""temp"":24.7,""hum"":81.2}"
exp3_message_volume_real_sensor,2026-05-24T19:41:50,60,21,sala/sensor,sala/sensor/ciphertext/exp3,"{""temp"": 24.70, ""hum"": 81.20}","{""temp"":24.7,""hum"":81.2}",24,attr1 or attr2,|attr1,732,976,1049,1044,30.5,43.7083,4270.83,79.106,79.05,True,"[decrypt] attempting to decrypt ciphertext | [decrypt] recovered message: {""temp"":24.7,""hum"":81.2}"
exp3_message_volume_real_sensor,2026-05-24T19:41:55,60,22,sala/sensor,sala/sensor/ciphertext/exp3,"{""temp"": 24.70, ""hum"": 81.20}","{""temp"":24.7,""hum"":81.2}",24,attr1 or attr2,|attr1,732,976,1049,1044,30.5,43.7083,4270.83,69.875,85.441,True,"[decrypt] attempting to decrypt ciphertext | [decrypt] recovered message: {""temp"":24.7,""hum"":81.2}"
exp3_message_volume_real_sensor,2026-05-24T19:42:00,60,23,sala/sensor,sala/sensor/ciphertext/exp3,"{""temp"": 24.70, ""hum"": 81.20}","{""temp"":24.7,""hum"":81.2}",24,attr1 or attr2,|attr1,732,976,1049,1044,30.5,43.7083,4270.83,71.975,84.143,True,"[decrypt] attempting to decrypt ciphertext | [decrypt] recovered message: {""temp"":24.7,""hum"":81.2}"
exp3_message_volume_real_sensor,2026-05-24T19:42:05,60,24,sala/sensor,sala/sensor/ciphertext/exp3,"{""temp"": 24.70, ""hum"": 81.20}","{""temp"":24.7,""hum"":81.2}",24,attr1 or attr2,|attr1,732,976,1049,1044,30.5,43.7083,4270.83,70.992,71.121,True,"[decrypt] attempting to decrypt ciphertext | [decrypt] recovered message: {""temp"":24.7,""hum"":81.2}"
exp3_message_volume_real_sensor,2026-05-24T19:42:10,60,25,sala/sensor,sala/sensor/ciphertext/exp3,"{""temp"": 24.70, ""hum"": 81.20}","{""temp"":24.7,""hum"":81.2}",24,attr1 or attr2,|attr1,732,976,1049,1044,30.5,43.7083,4270.83,78.494,92.22,True,"[decrypt] attempting to decrypt ciphertext | [decrypt] recovered message: {""temp"":24.7,""hum"":81.2}"
exp3_message_volume_real_sensor,2026-05-24T19:42:15,60,26,sala/sensor,sala/sensor/ciphertext/exp3,"{""temp"": 24.80, ""hum"": 81.20}","{""temp"":24.8,""hum"":81.2}",24,attr1 or attr2,|attr1,732,976,1049,1044,30.5,43.7083,4270.83,82.98,73.766,True,"[decrypt] attempting to decrypt ciphertext | [decrypt] recovered message: {""temp"":24.8,""hum"":81.2}"
exp3_message_volume_real_sensor,2026-05-24T19:42:20,60,27,sala/sensor,sala/sensor/ciphertext/exp3,"{""temp"": 24.70, ""hum"": 81.20}","{""temp"":24.7,""hum"":81.2}",24,attr1 or attr2,|attr1,732,976,1049,1044,30.5,43.7083,4270.83,75.512,79.283,True,"[decrypt] attempting to decrypt ciphertext | [decrypt] recovered message: {""temp"":24.7,""hum"":81.2}"
exp3_message_volume_real_sensor,2026-05-24T19:42:25,60,28,sala/sensor,sala/sensor/ciphertext/exp3,"{""temp"": 24.70, ""hum"": 81.20}","{""temp"":24.7,""hum"":81.2}",24,attr1 or attr2,|attr1,732,976,1049,1044,30.5,43.7083,4270.83,75.144,85.595,True,"[decrypt] attempting to decrypt ciphertext | [decrypt] recovered message: {""temp"":24.7,""hum"":81.2}"
exp3_message_volume_real_sensor,2026-05-24T19:42:30,60,29,sala/sensor,sala/sensor/ciphertext/exp3,"{""temp"": 24.70, ""hum"": 81.20}","{""temp"":24.7,""hum"":81.2}",24,attr1 or attr2,|attr1,732,976,1049,1044,30.5,43.7083,4270.83,75.034,77.644,True,"[decrypt] attempting to decrypt ciphertext | [decrypt] recovered message: {""temp"":24.7,""hum"":81.2}"
exp3_message_volume_real_sensor,2026-05-24T19:42:35,60,30,sala/sensor,sala/sensor/ciphertext/exp3,"{""temp"": 24.70, ""hum"": 81.20}","{""temp"":24.7,""hum"":81.2}",24,attr1 or attr2,|attr1,732,976,1049,1044,30.5,43.7083,4270.83,87.074,73.024,True,"[decrypt] attempting to decrypt ciphertext | [decrypt] recovered message: {""temp"":24.7,""hum"":81.2}"
exp3_message_volume_real_sensor,2026-05-24T19:42:40,60,31,sala/sensor,sala/sensor/ciphertext/exp3,"{""temp"": 24.70, ""hum"": 81.20}","{""temp"":24.7,""hum"":81.2}",24,attr1 or attr2,|attr1,732,976,1049,1044,30.5,43.7083,4270.83,73.65,75.349,True,"[decrypt] attempting to decrypt ciphertext | [decrypt] recovered message: {""temp"":24.7,""hum"":81.2}"
exp3_message_volume_real_sensor,2026-05-24T19:42:45,60,32,sala/sensor,sala/sensor/ciphertext/exp3,"{""temp"": 24.70, ""hum"": 81.20}","{""temp"":24.7,""hum"":81.2}",24,attr1 or attr2,|attr1,732,976,1049,1044,30.5,43.7083,4270.83,63.594,82.331,True,"[decrypt] attempting to decrypt ciphertext | [decrypt] recovered message: {""temp"":24.7,""hum"":81.2}"
exp3_message_volume_real_sensor,2026-05-24T19:42:50,60,33,sala/sensor,sala/sensor/ciphertext/exp3,"{""temp"": 24.70, ""hum"": 81.20}","{""temp"":24.7,""hum"":81.2}",24,attr1 or attr2,|attr1,732,976,1049,1044,30.5,43.7083,4270.83,69.881,76.799,True,"[decrypt] attempting to decrypt ciphertext | [decrypt] recovered message: {""temp"":24.7,""hum"":81.2}"
exp3_message_volume_real_sensor,2026-05-24T19:42:55,60,34,sala/sensor,sala/sensor/ciphertext/exp3,"{""temp"": 24.80, ""hum"": 81.20}","{""temp"":24.8,""hum"":81.2}",24,attr1 or attr2,|attr1,732,976,1049,1044,30.5,43.7083,4270.83,72.416,68.076,True,"[decrypt] attempting to decrypt ciphertext | [decrypt] recovered message: {""temp"":24.8,""hum"":81.2}"
exp3_message_volume_real_sensor,2026-05-24T19:43:00,60,35,sala/sensor,sala/sensor/ciphertext/exp3,"{""temp"": 24.70, ""hum"": 81.20}","{""temp"":24.7,""hum"":81.2}",24,attr1 or attr2,|attr1,732,976,1049,1044,30.5,43.7083,4270.83,69.748,80.203,True,"[decrypt] attempting to decrypt ciphertext | [decrypt] recovered message: {""temp"":24.7,""hum"":81.2}"
exp3_message_volume_real_sensor,2026-05-24T19:43:05,60,36,sala/sensor,sala/sensor/ciphertext/exp3,"{""temp"": 24.70, ""hum"": 81.20}","{""temp"":24.7,""hum"":81.2}",24,attr1 or attr2,|attr1,732,976,1049,1044,30.5,43.7083,4270.83,73.261,88.796,True,"[decrypt] attempting to decrypt ciphertext | [decrypt] recovered message: {""temp"":24.7,""hum"":81.2}"
exp3_message_volume_real_sensor,2026-05-24T19:43:10,60,37,sala/sensor,sala/sensor/ciphertext/exp3,"{""temp"": 24.70, ""hum"": 81.20}","{""temp"":24.7,""hum"":81.2}",24,attr1 or attr2,|attr1,732,976,1049,1044,30.5,43.7083,4270.83,80.218,78.188,True,"[decrypt] attempting to decrypt ciphertext | [decrypt] recovered message: {""temp"":24.7,""hum"":81.2}"
exp3_message_volume_real_sensor,2026-05-24T19:43:15,60,38,sala/sensor,sala/sensor/ciphertext/exp3,"{""temp"": 24.70, ""hum"": 81.20}","{""temp"":24.7,""hum"":81.2}",24,attr1 or attr2,|attr1,732,976,1049,1044,30.5,43.7083,4270.83,68.137,69.597,True,"[decrypt] attempting to decrypt ciphertext | [decrypt] recovered message: {""temp"":24.7,""hum"":81.2}"
exp3_message_volume_real_sensor,2026-05-24T19:43:20,60,39,sala/sensor,sala/sensor/ciphertext/exp3,"{""temp"": 24.70, ""hum"": 81.20}","{""temp"":24.7,""hum"":81.2}",24,attr1 or attr2,|attr1,732,976,1049,1044,30.5,43.7083,4270.83,75.579,75.702,True,"[decrypt] attempting to decrypt ciphertext | [decrypt] recovered message: {""temp"":24.7,""hum"":81.2}"
exp3_message_volume_real_sensor,2026-05-24T19:43:25,60,40,sala/sensor,sala/sensor/ciphertext/exp3,"{""temp"": 24.70, ""hum"": 81.20}","{""temp"":24.7,""hum"":81.2}",24,attr1 or attr2,|attr1,732,976,1049,1044,30.5,43.7083,4270.83,88.573,81.166,True,"[decrypt] attempting to decrypt ciphertext | [decrypt] recovered message: {""temp"":24.7,""hum"":81.2}"
exp3_message_volume_real_sensor,2026-05-24T19:43:30,60,41,sala/sensor,sala/sensor/ciphertext/exp3,"{""temp"": 24.70, ""hum"": 81.20}","{""temp"":24.7,""hum"":81.2}",24,attr1 or attr2,|attr1,732,976,1049,1044,30.5,43.7083,4270.83,64.798,75.334,True,"[decrypt] attempting to decrypt ciphertext | [decrypt] recovered message: {""temp"":24.7,""hum"":81.2}"
exp3_message_volume_real_sensor,2026-05-24T19:43:35,60,42,sala/sensor,sala/sensor/ciphertext/exp3,"{""temp"": 24.70, ""hum"": 81.20}","{""temp"":24.7,""hum"":81.2}",24,attr1 or attr2,|attr1,732,976,1049,1044,30.5,43.7083,4270.83,74.128,75.168,True,"[decrypt] attempting to decrypt ciphertext | [decrypt] recovered message: {""temp"":24.7,""hum"":81.2}"
exp3_message_volume_real_sensor,2026-05-24T19:43:40,60,43,sala/sensor,sala/sensor/ciphertext/exp3,"{""temp"": 24.70, ""hum"": 81.20}","{""temp"":24.7,""hum"":81.2}",24,attr1 or attr2,|attr1,732,976,1049,1044,30.5,43.7083,4270.83,71.987,74.332,True,"[decrypt] attempting to decrypt ciphertext | [decrypt] recovered message: {""temp"":24.7,""hum"":81.2}"
exp3_message_volume_real_sensor,2026-05-24T19:43:45,60,44,sala/sensor,sala/sensor/ciphertext/exp3,"{""temp"": 24.70, ""hum"": 81.20}","{""temp"":24.7,""hum"":81.2}",24,attr1 or attr2,|attr1,732,976,1049,1044,30.5,43.7083,4270.83,93.601,78.577,True,"[decrypt] attempting to decrypt ciphertext | [decrypt] recovered message: {""temp"":24.7,""hum"":81.2}"
exp3_message_volume_real_sensor,2026-05-24T19:43:50,60,45,sala/sensor,sala/sensor/ciphertext/exp3,"{""temp"": 24.70, ""hum"": 81.20}","{""temp"":24.7,""hum"":81.2}",24,attr1 or attr2,|attr1,732,976,1049,1044,30.5,43.7083,4270.83,75.404,88.287,True,"[decrypt] attempting to decrypt ciphertext | [decrypt] recovered message: {""temp"":24.7,""hum"":81.2}"
exp3_message_volume_real_sensor,2026-05-24T19:43:55,60,46,sala/sensor,sala/sensor/ciphertext/exp3,"{""temp"": 24.70, ""hum"": 81.20}","{""temp"":24.7,""hum"":81.2}",24,attr1 or attr2,|attr1,732,976,1049,1044,30.5,43.7083,4270.83,70.851,78.803,True,"[decrypt] attempting to decrypt ciphertext | [decrypt] recovered message: {""temp"":24.7,""hum"":81.2}"
exp3_message_volume_real_sensor,2026-05-24T19:44:00,60,47,sala/sensor,sala/sensor/ciphertext/exp3,"{""temp"": 24.70, ""hum"": 81.20}","{""temp"":24.7,""hum"":81.2}",24,attr1 or attr2,|attr1,732,976,1049,1044,30.5,43.7083,4270.83,73.334,80.706,True,"[decrypt] attempting to decrypt ciphertext | [decrypt] recovered message: {""temp"":24.7,""hum"":81.2}"
exp3_message_volume_real_sensor,2026-05-24T19:44:05,60,48,sala/sensor,sala/sensor/ciphertext/exp3,"{""temp"": 24.70, ""hum"": 81.20}","{""temp"":24.7,""hum"":81.2}",24,attr1 or attr2,|attr1,732,976,1049,1044,30.5,43.7083,4270.83,82.158,72.749,True,"[decrypt] attempting to decrypt ciphertext | [decrypt] recovered message: {""temp"":24.7,""hum"":81.2}"
exp3_message_volume_real_sensor,2026-05-24T19:44:11,60,49,sala/sensor,sala/sensor/ciphertext/exp3,"{""temp"": 24.80, ""hum"": 81.20}","{""temp"":24.8,""hum"":81.2}",24,attr1 or attr2,|attr1,732,976,1049,1044,30.5,43.7083,4270.83,76.963,87.332,True,"[decrypt] attempting to decrypt ciphertext | [decrypt] recovered message: {""temp"":24.8,""hum"":81.2}"
exp3_message_volume_real_sensor,2026-05-24T19:44:15,60,50,sala/sensor,sala/sensor/ciphertext/exp3,"{""temp"": 24.70, ""hum"": 81.20}","{""temp"":24.7,""hum"":81.2}",24,attr1 or attr2,|attr1,732,976,1049,1044,30.5,43.7083,4270.83,89.273,74.771,True,"[decrypt] attempting to decrypt ciphertext | [decrypt] recovered message: {""temp"":24.7,""hum"":81.2}"
exp3_message_volume_real_sensor,2026-05-24T19:44:20,60,51,sala/sensor,sala/sensor/ciphertext/exp3,"{""temp"": 24.70, ""hum"": 81.20}","{""temp"":24.7,""hum"":81.2}",24,attr1 or attr2,|attr1,732,976,1049,1044,30.5,43.7083,4270.83,88.701,72.616,True,"[decrypt] attempting to decrypt ciphertext | [decrypt] recovered message: {""temp"":24.7,""hum"":81.2}"
exp3_message_volume_real_sensor,2026-05-24T19:44:25,60,52,sala/sensor,sala/sensor/ciphertext/exp3,"{""temp"": 24.70, ""hum"": 81.20}","{""temp"":24.7,""hum"":81.2}",24,attr1 or attr2,|attr1,732,976,1049,1044,30.5,43.7083,4270.83,82.68,78.806,True,"[decrypt] attempting to decrypt ciphertext | [decrypt] recovered message: {""temp"":24.7,""hum"":81.2}"
exp3_message_volume_real_sensor,2026-05-24T19:44:31,60,53,sala/sensor,sala/sensor/ciphertext/exp3,"{""temp"": 24.70, ""hum"": 81.20}","{""temp"":24.7,""hum"":81.2}",24,attr1 or attr2,|attr1,732,976,1049,1044,30.5,43.7083,4270.83,75.093,72.649,True,"[decrypt] attempting to decrypt ciphertext | [decrypt] recovered message: {""temp"":24.7,""hum"":81.2}"
exp3_message_volume_real_sensor,2026-05-24T19:44:35,60,54,sala/sensor,sala/sensor/ciphertext/exp3,"{""temp"": 24.70, ""hum"": 81.10}","{""temp"":24.7,""hum"":81.1}",24,attr1 or attr2,|attr1,732,976,1049,1044,30.5,43.7083,4270.83,78.667,77.34,True,"[decrypt] attempting to decrypt ciphertext | [decrypt] recovered message: {""temp"":24.7,""hum"":81.1}"
exp3_message_volume_real_sensor,2026-05-24T19:44:40,60,55,sala/sensor,sala/sensor/ciphertext/exp3,"{""temp"": 24.70, ""hum"": 81.10}","{""temp"":24.7,""hum"":81.1}",24,attr1 or attr2,|attr1,732,976,1049,1044,30.5,43.7083,4270.83,87.076,76.932,True,"[decrypt] attempting to decrypt ciphertext | [decrypt] recovered message: {""temp"":24.7,""hum"":81.1}"
exp3_message_volume_real_sensor,2026-05-24T19:44:45,60,56,sala/sensor,sala/sensor/ciphertext/exp3,"{""temp"": 24.80, ""hum"": 81.10}","{""temp"":24.8,""hum"":81.1}",24,attr1 or attr2,|attr1,732,976,1049,1044,30.5,43.7083,4270.83,73.244,77.471,True,"[decrypt] attempting to decrypt ciphertext | [decrypt] recovered message: {""temp"":24.8,""hum"":81.1}"
exp3_message_volume_real_sensor,2026-05-24T19:44:50,60,57,sala/sensor,sala/sensor/ciphertext/exp3,"{""temp"": 24.70, ""hum"": 81.20}","{""temp"":24.7,""hum"":81.2}",24,attr1 or attr2,|attr1,732,976,1049,1044,30.5,43.7083,4270.83,77.861,76.06,True,"[decrypt] attempting to decrypt ciphertext | [decrypt] recovered message: {""temp"":24.7,""hum"":81.2}"
exp3_message_volume_real_sensor,2026-05-24T19:44:55,60,58,sala/sensor,sala/sensor/ciphertext/exp3,"{""temp"": 24.70, ""hum"": 81.20}","{""temp"":24.7,""hum"":81.2}",24,attr1 or attr2,|attr1,732,976,1049,1044,30.5,43.7083,4270.83,86.777,90.699,True,"[decrypt] attempting to decrypt ciphertext | [decrypt] recovered message: {""temp"":24.7,""hum"":81.2}"
exp3_message_volume_real_sensor,2026-05-24T19:45:00,60,59,sala/sensor,sala/sensor/ciphertext/exp3,"{""temp"": 24.70, ""hum"": 81.20}","{""temp"":24.7,""hum"":81.2}",24,attr1 or attr2,|attr1,732,976,1049,1044,30.5,43.7083,4270.83,84.42,92.229,True,"[decrypt] attempting to decrypt ciphertext | [decrypt] recovered message: {""temp"":24.7,""hum"":81.2}"
exp3_message_volume_real_sensor,2026-05-24T19:45:05,60,60,sala/sensor,sala/sensor/ciphertext/exp3,"{""temp"": 24.70, ""hum"": 81.20}","{""temp"":24.7,""hum"":81.2}",24,attr1 or attr2,|attr1,732,976,1049,1044,30.5,43.7083,4270.83,77.591,87.734,True,"[decrypt] attempting to decrypt ciphertext | [decrypt] recovered message: {""temp"":24.7,""hum"":81.2}"
exp3_message_volume_real_sensor,2026-05-24T19:45:10,120,1,sala/sensor,sala/sensor/ciphertext/exp3,"{""temp"": 24.80, ""hum"": 81.20}","{""temp"":24.8,""hum"":81.2}",24,attr1 or attr2,|attr1,732,976,1049,1044,30.5,43.7083,4270.83,73.249,79.614,True,"[decrypt] attempting to decrypt ciphertext | [decrypt] recovered message: {""temp"":24.8,""hum"":81.2}"
exp3_message_volume_real_sensor,2026-05-24T19:45:16,120,2,sala/sensor,sala/sensor/ciphertext/exp3,"{""temp"": 24.70, ""hum"": 81.20}","{""temp"":24.7,""hum"":81.2}",24,attr1 or attr2,|attr1,732,976,1049,1044,30.5,43.7083,4270.83,69.055,86.451,True,"[decrypt] attempting to decrypt ciphertext | [decrypt] recovered message: {""temp"":24.7,""hum"":81.2}"
exp3_message_volume_real_sensor,2026-05-24T19:45:21,120,3,sala/sensor,sala/sensor/ciphertext/exp3,"{""temp"": 24.70, ""hum"": 81.20}","{""temp"":24.7,""hum"":81.2}",24,attr1 or attr2,|attr1,732,976,1049,1044,30.5,43.7083,4270.83,73.758,89.982,True,"[decrypt] attempting to decrypt ciphertext | [decrypt] recovered message: {""temp"":24.7,""hum"":81.2}"
exp3_message_volume_real_sensor,2026-05-24T19:45:26,120,4,sala/sensor,sala/sensor/ciphertext/exp3,"{""temp"": 24.70, ""hum"": 81.30}","{""temp"":24.7,""hum"":81.3}",24,attr1 or attr2,|attr1,732,976,1049,1044,30.5,43.7083,4270.83,94.134,73.509,True,"[decrypt] attempting to decrypt ciphertext | [decrypt] recovered message: {""temp"":24.7,""hum"":81.3}"
exp3_message_volume_real_sensor,2026-05-24T19:45:31,120,5,sala/sensor,sala/sensor/ciphertext/exp3,"{""temp"": 24.70, ""hum"": 81.30}","{""temp"":24.7,""hum"":81.3}",24,attr1 or attr2,|attr1,732,976,1049,1044,30.5,43.7083,4270.83,73.452,92.511,True,"[decrypt] attempting to decrypt ciphertext | [decrypt] recovered message: {""temp"":24.7,""hum"":81.3}"
exp3_message_volume_real_sensor,2026-05-24T19:45:36,120,6,sala/sensor,sala/sensor/ciphertext/exp3,"{""temp"": 24.70, ""hum"": 81.20}","{""temp"":24.7,""hum"":81.2}",24,attr1 or attr2,|attr1,732,976,1049,1044,30.5,43.7083,4270.83,66.919,90.864,True,"[decrypt] attempting to decrypt ciphertext | [decrypt] recovered message: {""temp"":24.7,""hum"":81.2}"
exp3_message_volume_real_sensor,2026-05-24T19:45:41,120,7,sala/sensor,sala/sensor/ciphertext/exp3,"{""temp"": 24.70, ""hum"": 81.30}","{""temp"":24.7,""hum"":81.3}",24,attr1 or attr2,|attr1,732,976,1049,1044,30.5,43.7083,4270.83,66.886,89.528,True,"[decrypt] attempting to decrypt ciphertext | [decrypt] recovered message: {""temp"":24.7,""hum"":81.3}"
exp3_message_volume_real_sensor,2026-05-24T19:45:46,120,8,sala/sensor,sala/sensor/ciphertext/exp3,"{""temp"": 24.70, ""hum"": 81.30}","{""temp"":24.7,""hum"":81.3}",24,attr1 or attr2,|attr1,732,976,1049,1044,30.5,43.7083,4270.83,69.365,66.264,True,"[decrypt] attempting to decrypt ciphertext | [decrypt] recovered message: {""temp"":24.7,""hum"":81.3}"
exp3_message_volume_real_sensor,2026-05-24T19:45:51,120,9,sala/sensor,sala/sensor/ciphertext/exp3,"{""temp"": 24.80, ""hum"": 81.30}","{""temp"":24.8,""hum"":81.3}",24,attr1 or attr2,|attr1,732,976,1049,1044,30.5,43.7083,4270.83,77.788,81.916,True,"[decrypt] attempting to decrypt ciphertext | [decrypt] recovered message: {""temp"":24.8,""hum"":81.3}"
exp3_message_volume_real_sensor,2026-05-24T19:45:56,120,10,sala/sensor,sala/sensor/ciphertext/exp3,"{""temp"": 24.70, ""hum"": 81.30}","{""temp"":24.7,""hum"":81.3}",24,attr1 or attr2,|attr1,732,976,1049,1044,30.5,43.7083,4270.83,72.864,87.981,True,"[decrypt] attempting to decrypt ciphertext | [decrypt] recovered message: {""temp"":24.7,""hum"":81.3}"
exp3_message_volume_real_sensor,2026-05-24T19:46:01,120,11,sala/sensor,sala/sensor/ciphertext/exp3,"{""temp"": 24.70, ""hum"": 81.30}","{""temp"":24.7,""hum"":81.3}",24,attr1 or attr2,|attr1,732,976,1049,1044,30.5,43.7083,4270.83,64.774,94.992,True,"[decrypt] attempting to decrypt ciphertext | [decrypt] recovered message: {""temp"":24.7,""hum"":81.3}"
exp3_message_volume_real_sensor,2026-05-24T19:46:06,120,12,sala/sensor,sala/sensor/ciphertext/exp3,"{""temp"": 24.70, ""hum"": 81.30}","{""temp"":24.7,""hum"":81.3}",24,attr1 or attr2,|attr1,732,976,1049,1044,30.5,43.7083,4270.83,73.875,74.066,True,"[decrypt] attempting to decrypt ciphertext | [decrypt] recovered message: {""temp"":24.7,""hum"":81.3}"
exp3_message_volume_real_sensor,2026-05-24T19:46:11,120,13,sala/sensor,sala/sensor/ciphertext/exp3,"{""temp"": 24.70, ""hum"": 81.30}","{""temp"":24.7,""hum"":81.3}",24,attr1 or attr2,|attr1,732,976,1049,1044,30.5,43.7083,4270.83,67.694,65.974,True,"[decrypt] attempting to decrypt ciphertext | [decrypt] recovered message: {""temp"":24.7,""hum"":81.3}"
exp3_message_volume_real_sensor,2026-05-24T19:46:16,120,14,sala/sensor,sala/sensor/ciphertext/exp3,"{""temp"": 24.80, ""hum"": 81.30}","{""temp"":24.8,""hum"":81.3}",24,attr1 or attr2,|attr1,732,976,1049,1044,30.5,43.7083,4270.83,83.42,73.47,True,"[decrypt] attempting to decrypt ciphertext | [decrypt] recovered message: {""temp"":24.8,""hum"":81.3}"
exp3_message_volume_real_sensor,2026-05-24T19:46:21,120,15,sala/sensor,sala/sensor/ciphertext/exp3,"{""temp"": 24.70, ""hum"": 81.20}","{""temp"":24.7,""hum"":81.2}",24,attr1 or attr2,|attr1,732,976,1049,1044,30.5,43.7083,4270.83,58.875,80.321,True,"[decrypt] attempting to decrypt ciphertext | [decrypt] recovered message: {""temp"":24.7,""hum"":81.2}"
exp3_message_volume_real_sensor,2026-05-24T19:46:26,120,16,sala/sensor,sala/sensor/ciphertext/exp3,"{""temp"": 24.80, ""hum"": 81.20}","{""temp"":24.8,""hum"":81.2}",24,attr1 or attr2,|attr1,732,976,1049,1044,30.5,43.7083,4270.83,80.37,74.407,True,"[decrypt] attempting to decrypt ciphertext | [decrypt] recovered message: {""temp"":24.8,""hum"":81.2}"
exp3_message_volume_real_sensor,2026-05-24T19:46:31,120,17,sala/sensor,sala/sensor/ciphertext/exp3,"{""temp"": 24.80, ""hum"": 81.20}","{""temp"":24.8,""hum"":81.2}",24,attr1 or attr2,|attr1,732,976,1049,1044,30.5,43.7083,4270.83,63.497,81.017,True,"[decrypt] attempting to decrypt ciphertext | [decrypt] recovered message: {""temp"":24.8,""hum"":81.2}"
exp3_message_volume_real_sensor,2026-05-24T19:46:36,120,18,sala/sensor,sala/sensor/ciphertext/exp3,"{""temp"": 24.80, ""hum"": 81.20}","{""temp"":24.8,""hum"":81.2}",24,attr1 or attr2,|attr1,732,976,1049,1044,30.5,43.7083,4270.83,73.311,70.017,True,"[decrypt] attempting to decrypt ciphertext | [decrypt] recovered message: {""temp"":24.8,""hum"":81.2}"
exp3_message_volume_real_sensor,2026-05-24T19:46:41,120,19,sala/sensor,sala/sensor/ciphertext/exp3,"{""temp"": 24.70, ""hum"": 81.30}","{""temp"":24.7,""hum"":81.3}",24,attr1 or attr2,|attr1,732,976,1049,1044,30.5,43.7083,4270.83,77.365,93.886,True,"[decrypt] attempting to decrypt ciphertext | [decrypt] recovered message: {""temp"":24.7,""hum"":81.3}"
exp3_message_volume_real_sensor,2026-05-24T19:46:46,120,20,sala/sensor,sala/sensor/ciphertext/exp3,"{""temp"": 24.80, ""hum"": 81.20}","{""temp"":24.8,""hum"":81.2}",24,attr1 or attr2,|attr1,732,976,1049,1044,30.5,43.7083,4270.83,81.695,70.707,True,"[decrypt] attempting to decrypt ciphertext | [decrypt] recovered message: {""temp"":24.8,""hum"":81.2}"
exp3_message_volume_real_sensor,2026-05-24T19:46:51,120,21,sala/sensor,sala/sensor/ciphertext/exp3,"{""temp"": 24.80, ""hum"": 81.20}","{""temp"":24.8,""hum"":81.2}",24,attr1 or attr2,|attr1,732,976,1049,1044,30.5,43.7083,4270.83,69.454,73.479,True,"[decrypt] attempting to decrypt ciphertext | [decrypt] recovered message: {""temp"":24.8,""hum"":81.2}"
exp3_message_volume_real_sensor,2026-05-24T19:46:56,120,22,sala/sensor,sala/sensor/ciphertext/exp3,"{""temp"": 24.80, ""hum"": 81.20}","{""temp"":24.8,""hum"":81.2}",24,attr1 or attr2,|attr1,732,976,1049,1044,30.5,43.7083,4270.83,86.017,80.383,True,"[decrypt] attempting to decrypt ciphertext | [decrypt] recovered message: {""temp"":24.8,""hum"":81.2}"
exp3_message_volume_real_sensor,2026-05-24T19:47:01,120,23,sala/sensor,sala/sensor/ciphertext/exp3,"{""temp"": 24.80, ""hum"": 81.20}","{""temp"":24.8,""hum"":81.2}",24,attr1 or attr2,|attr1,732,976,1049,1044,30.5,43.7083,4270.83,68.416,79.973,True,"[decrypt] attempting to decrypt ciphertext | [decrypt] recovered message: {""temp"":24.8,""hum"":81.2}"
exp3_message_volume_real_sensor,2026-05-24T19:47:06,120,24,sala/sensor,sala/sensor/ciphertext/exp3,"{""temp"": 24.80, ""hum"": 81.20}","{""temp"":24.8,""hum"":81.2}",24,attr1 or attr2,|attr1,732,976,1049,1044,30.5,43.7083,4270.83,67.767,71.158,True,"[decrypt] attempting to decrypt ciphertext | [decrypt] recovered message: {""temp"":24.8,""hum"":81.2}"
exp3_message_volume_real_sensor,2026-05-24T19:47:11,120,25,sala/sensor,sala/sensor/ciphertext/exp3,"{""temp"": 24.80, ""hum"": 81.20}","{""temp"":24.8,""hum"":81.2}",24,attr1 or attr2,|attr1,732,976,1049,1044,30.5,43.7083,4270.83,64.543,80.092,True,"[decrypt] attempting to decrypt ciphertext | [decrypt] recovered message: {""temp"":24.8,""hum"":81.2}"
exp3_message_volume_real_sensor,2026-05-24T19:47:16,120,26,sala/sensor,sala/sensor/ciphertext/exp3,"{""temp"": 24.80, ""hum"": 81.20}","{""temp"":24.8,""hum"":81.2}",24,attr1 or attr2,|attr1,732,976,1049,1044,30.5,43.7083,4270.83,84.288,72.049,True,"[decrypt] attempting to decrypt ciphertext | [decrypt] recovered message: {""temp"":24.8,""hum"":81.2}"
exp3_message_volume_real_sensor,2026-05-24T19:47:21,120,27,sala/sensor,sala/sensor/ciphertext/exp3,"{""temp"": 24.80, ""hum"": 81.30}","{""temp"":24.8,""hum"":81.3}",24,attr1 or attr2,|attr1,732,976,1049,1044,30.5,43.7083,4270.83,76.679,75.293,True,"[decrypt] attempting to decrypt ciphertext | [decrypt] recovered message: {""temp"":24.8,""hum"":81.3}"
exp3_message_volume_real_sensor,2026-05-24T19:47:26,120,28,sala/sensor,sala/sensor/ciphertext/exp3,"{""temp"": 24.80, ""hum"": 81.20}","{""temp"":24.8,""hum"":81.2}",24,attr1 or attr2,|attr1,732,976,1049,1044,30.5,43.7083,4270.83,70.579,82.236,True,"[decrypt] attempting to decrypt ciphertext | [decrypt] recovered message: {""temp"":24.8,""hum"":81.2}"
exp3_message_volume_real_sensor,2026-05-24T19:47:31,120,29,sala/sensor,sala/sensor/ciphertext/exp3,"{""temp"": 24.80, ""hum"": 81.20}","{""temp"":24.8,""hum"":81.2}",24,attr1 or attr2,|attr1,732,976,1049,1044,30.5,43.7083,4270.83,70.149,77.712,True,"[decrypt] attempting to decrypt ciphertext | [decrypt] recovered message: {""temp"":24.8,""hum"":81.2}"
exp3_message_volume_real_sensor,2026-05-24T19:47:36,120,30,sala/sensor,sala/sensor/ciphertext/exp3,"{""temp"": 24.80, ""hum"": 81.20}","{""temp"":24.8,""hum"":81.2}",24,attr1 or attr2,|attr1,732,976,1049,1044,30.5,43.7083,4270.83,73.604,83.531,True,"[decrypt] attempting to decrypt ciphertext | [decrypt] recovered message: {""temp"":24.8,""hum"":81.2}"
exp3_message_volume_real_sensor,2026-05-24T19:47:41,120,31,sala/sensor,sala/sensor/ciphertext/exp3,"{""temp"": 24.80, ""hum"": 81.20}","{""temp"":24.8,""hum"":81.2}",24,attr1 or attr2,|attr1,732,976,1049,1044,30.5,43.7083,4270.83,77.956,87.812,True,"[decrypt] attempting to decrypt ciphertext | [decrypt] recovered message: {""temp"":24.8,""hum"":81.2}"
exp3_message_volume_real_sensor,2026-05-24T19:47:46,120,32,sala/sensor,sala/sensor/ciphertext/exp3,"{""temp"": 24.80, ""hum"": 81.10}","{""temp"":24.8,""hum"":81.1}",24,attr1 or attr2,|attr1,732,976,1049,1044,30.5,43.7083,4270.83,80.698,76.377,True,"[decrypt] attempting to decrypt ciphertext | [decrypt] recovered message: {""temp"":24.8,""hum"":81.1}"
exp3_message_volume_real_sensor,2026-05-24T19:47:51,120,33,sala/sensor,sala/sensor/ciphertext/exp3,"{""temp"": 24.80, ""hum"": 81.10}","{""temp"":24.8,""hum"":81.1}",24,attr1 or attr2,|attr1,732,976,1049,1044,30.5,43.7083,4270.83,68.643,84.83,True,"[decrypt] attempting to decrypt ciphertext | [decrypt] recovered message: {""temp"":24.8,""hum"":81.1}"
exp3_message_volume_real_sensor,2026-05-24T19:47:56,120,34,sala/sensor,sala/sensor/ciphertext/exp3,"{""temp"": 24.80, ""hum"": 81.10}","{""temp"":24.8,""hum"":81.1}",24,attr1 or attr2,|attr1,732,976,1049,1044,30.5,43.7083,4270.83,79.065,76.79,True,"[decrypt] attempting to decrypt ciphertext | [decrypt] recovered message: {""temp"":24.8,""hum"":81.1}"
exp3_message_volume_real_sensor,2026-05-24T19:48:01,120,35,sala/sensor,sala/sensor/ciphertext/exp3,"{""temp"": 24.80, ""hum"": 81.10}","{""temp"":24.8,""hum"":81.1}",24,attr1 or attr2,|attr1,732,976,1049,1044,30.5,43.7083,4270.83,68.763,76.968,True,"[decrypt] attempting to decrypt ciphertext | [decrypt] recovered message: {""temp"":24.8,""hum"":81.1}"
exp3_message_volume_real_sensor,2026-05-24T19:48:06,120,36,sala/sensor,sala/sensor/ciphertext/exp3,"{""temp"": 24.80, ""hum"": 81.10}","{""temp"":24.8,""hum"":81.1}",24,attr1 or attr2,|attr1,732,976,1049,1044,30.5,43.7083,4270.83,74.338,82.993,True,"[decrypt] attempting to decrypt ciphertext | [decrypt] recovered message: {""temp"":24.8,""hum"":81.1}"
exp3_message_volume_real_sensor,2026-05-24T19:48:11,120,37,sala/sensor,sala/sensor/ciphertext/exp3,"{""temp"": 24.80, ""hum"": 81.10}","{""temp"":24.8,""hum"":81.1}",24,attr1 or attr2,|attr1,732,976,1049,1044,30.5,43.7083,4270.83,71.195,79.74,True,"[decrypt] attempting to decrypt ciphertext | [decrypt] recovered message: {""temp"":24.8,""hum"":81.1}"
exp3_message_volume_real_sensor,2026-05-24T19:48:16,120,38,sala/sensor,sala/sensor/ciphertext/exp3,"{""temp"": 24.80, ""hum"": 81.10}","{""temp"":24.8,""hum"":81.1}",24,attr1 or attr2,|attr1,732,976,1049,1044,30.5,43.7083,4270.83,66.716,75.49,True,"[decrypt] attempting to decrypt ciphertext | [decrypt] recovered message: {""temp"":24.8,""hum"":81.1}"
exp3_message_volume_real_sensor,2026-05-24T19:48:21,120,39,sala/sensor,sala/sensor/ciphertext/exp3,"{""temp"": 24.80, ""hum"": 81.10}","{""temp"":24.8,""hum"":81.1}",24,attr1 or attr2,|attr1,732,976,1049,1044,30.5,43.7083,4270.83,75.748,90.903,True,"[decrypt] attempting to decrypt ciphertext | [decrypt] recovered message: {""temp"":24.8,""hum"":81.1}"
exp3_message_volume_real_sensor,2026-05-24T19:48:26,120,40,sala/sensor,sala/sensor/ciphertext/exp3,"{""temp"": 24.80, ""hum"": 81.10}","{""temp"":24.8,""hum"":81.1}",24,attr1 or attr2,|attr1,732,976,1049,1044,30.5,43.7083,4270.83,67.641,82.276,True,"[decrypt] attempting to decrypt ciphertext | [decrypt] recovered message: {""temp"":24.8,""hum"":81.1}"
exp3_message_volume_real_sensor,2026-05-24T19:48:31,120,41,sala/sensor,sala/sensor/ciphertext/exp3,"{""temp"": 24.80, ""hum"": 81.10}","{""temp"":24.8,""hum"":81.1}",24,attr1 or attr2,|attr1,732,976,1049,1044,30.5,43.7083,4270.83,76.303,84.199,True,"[decrypt] attempting to decrypt ciphertext | [decrypt] recovered message: {""temp"":24.8,""hum"":81.1}"
exp3_message_volume_real_sensor,2026-05-24T19:48:36,120,42,sala/sensor,sala/sensor/ciphertext/exp3,"{""temp"": 24.80, ""hum"": 81.10}","{""temp"":24.8,""hum"":81.1}",24,attr1 or attr2,|attr1,732,976,1049,1044,30.5,43.7083,4270.83,89.065,87.618,True,"[decrypt] attempting to decrypt ciphertext | [decrypt] recovered message: {""temp"":24.8,""hum"":81.1}"
exp3_message_volume_real_sensor,2026-05-24T19:48:41,120,43,sala/sensor,sala/sensor/ciphertext/exp3,"{""temp"": 24.80, ""hum"": 81.00}","{""temp"":24.8,""hum"":81.0}",24,attr1 or attr2,|attr1,732,976,1049,1044,30.5,43.7083,4270.83,73.439,90.097,True,"[decrypt] attempting to decrypt ciphertext | [decrypt] recovered message: {""temp"":24.8,""hum"":81.0}"
exp3_message_volume_real_sensor,2026-05-24T19:48:46,120,44,sala/sensor,sala/sensor/ciphertext/exp3,"{""temp"": 24.80, ""hum"": 81.10}","{""temp"":24.8,""hum"":81.1}",24,attr1 or attr2,|attr1,732,976,1049,1044,30.5,43.7083,4270.83,66.878,78.248,True,"[decrypt] attempting to decrypt ciphertext | [decrypt] recovered message: {""temp"":24.8,""hum"":81.1}"
exp3_message_volume_real_sensor,2026-05-24T19:48:51,120,45,sala/sensor,sala/sensor/ciphertext/exp3,"{""temp"": 24.80, ""hum"": 81.00}","{""temp"":24.8,""hum"":81.0}",24,attr1 or attr2,|attr1,732,976,1049,1044,30.5,43.7083,4270.83,80.125,82.167,True,"[decrypt] attempting to decrypt ciphertext | [decrypt] recovered message: {""temp"":24.8,""hum"":81.0}"
exp3_message_volume_real_sensor,2026-05-24T19:48:56,120,46,sala/sensor,sala/sensor/ciphertext/exp3,"{""temp"": 24.80, ""hum"": 81.10}","{""temp"":24.8,""hum"":81.1}",24,attr1 or attr2,|attr1,732,976,1049,1044,30.5,43.7083,4270.83,69.614,78.324,True,"[decrypt] attempting to decrypt ciphertext | [decrypt] recovered message: {""temp"":24.8,""hum"":81.1}"
exp3_message_volume_real_sensor,2026-05-24T19:49:01,120,47,sala/sensor,sala/sensor/ciphertext/exp3,"{""temp"": 24.80, ""hum"": 81.00}","{""temp"":24.8,""hum"":81.0}",24,attr1 or attr2,|attr1,732,976,1049,1044,30.5,43.7083,4270.83,94.186,78.498,True,"[decrypt] attempting to decrypt ciphertext | [decrypt] recovered message: {""temp"":24.8,""hum"":81.0}"
exp3_message_volume_real_sensor,2026-05-24T19:49:06,120,48,sala/sensor,sala/sensor/ciphertext/exp3,"{""temp"": 24.80, ""hum"": 81.00}","{""temp"":24.8,""hum"":81.0}",24,attr1 or attr2,|attr1,732,976,1049,1044,30.5,43.7083,4270.83,71.843,80.487,True,"[decrypt] attempting to decrypt ciphertext | [decrypt] recovered message: {""temp"":24.8,""hum"":81.0}"
exp3_message_volume_real_sensor,2026-05-24T19:49:11,120,49,sala/sensor,sala/sensor/ciphertext/exp3,"{""temp"": 24.80, ""hum"": 81.00}","{""temp"":24.8,""hum"":81.0}",24,attr1 or attr2,|attr1,732,976,1049,1044,30.5,43.7083,4270.83,68.2,75.068,True,"[decrypt] attempting to decrypt ciphertext | [decrypt] recovered message: {""temp"":24.8,""hum"":81.0}"
exp3_message_volume_real_sensor,2026-05-24T19:49:16,120,50,sala/sensor,sala/sensor/ciphertext/exp3,"{""temp"": 24.80, ""hum"": 81.00}","{""temp"":24.8,""hum"":81.0}",24,attr1 or attr2,|attr1,732,976,1049,1044,30.5,43.7083,4270.83,85.73,77.356,True,"[decrypt] attempting to decrypt ciphertext | [decrypt] recovered message: {""temp"":24.8,""hum"":81.0}"
exp3_message_volume_real_sensor,2026-05-24T19:49:21,120,51,sala/sensor,sala/sensor/ciphertext/exp3,"{""temp"": 24.80, ""hum"": 81.00}","{""temp"":24.8,""hum"":81.0}",24,attr1 or attr2,|attr1,732,976,1049,1044,30.5,43.7083,4270.83,68.71,81.441,True,"[decrypt] attempting to decrypt ciphertext | [decrypt] recovered message: {""temp"":24.8,""hum"":81.0}"
exp3_message_volume_real_sensor,2026-05-24T19:49:26,120,52,sala/sensor,sala/sensor/ciphertext/exp3,"{""temp"": 24.80, ""hum"": 81.00}","{""temp"":24.8,""hum"":81.0}",24,attr1 or attr2,|attr1,732,976,1049,1044,30.5,43.7083,4270.83,78.696,83.707,True,"[decrypt] attempting to decrypt ciphertext | [decrypt] recovered message: {""temp"":24.8,""hum"":81.0}"
exp3_message_volume_real_sensor,2026-05-24T19:49:31,120,53,sala/sensor,sala/sensor/ciphertext/exp3,"{""temp"": 24.80, ""hum"": 81.00}","{""temp"":24.8,""hum"":81.0}",24,attr1 or attr2,|attr1,732,976,1049,1044,30.5,43.7083,4270.83,83.67,79.909,True,"[decrypt] attempting to decrypt ciphertext | [decrypt] recovered message: {""temp"":24.8,""hum"":81.0}"
exp3_message_volume_real_sensor,2026-05-24T19:49:36,120,54,sala/sensor,sala/sensor/ciphertext/exp3,"{""temp"": 24.80, ""hum"": 81.00}","{""temp"":24.8,""hum"":81.0}",24,attr1 or attr2,|attr1,732,976,1049,1044,30.5,43.7083,4270.83,84.386,84.371,True,"[decrypt] attempting to decrypt ciphertext | [decrypt] recovered message: {""temp"":24.8,""hum"":81.0}"
exp3_message_volume_real_sensor,2026-05-24T19:49:41,120,55,sala/sensor,sala/sensor/ciphertext/exp3,"{""temp"": 24.80, ""hum"": 81.00}","{""temp"":24.8,""hum"":81.0}",24,attr1 or attr2,|attr1,732,976,1049,1044,30.5,43.7083,4270.83,72.003,94.132,True,"[decrypt] attempting to decrypt ciphertext | [decrypt] recovered message: {""temp"":24.8,""hum"":81.0}"
exp3_message_volume_real_sensor,2026-05-24T19:49:46,120,56,sala/sensor,sala/sensor/ciphertext/exp3,"{""temp"": 24.80, ""hum"": 81.00}","{""temp"":24.8,""hum"":81.0}",24,attr1 or attr2,|attr1,732,976,1049,1044,30.5,43.7083,4270.83,66.082,68.326,True,"[decrypt] attempting to decrypt ciphertext | [decrypt] recovered message: {""temp"":24.8,""hum"":81.0}"
exp3_message_volume_real_sensor,2026-05-24T19:49:51,120,57,sala/sensor,sala/sensor/ciphertext/exp3,"{""temp"": 24.80, ""hum"": 81.00}","{""temp"":24.8,""hum"":81.0}",24,attr1 or attr2,|attr1,732,976,1049,1044,30.5,43.7083,4270.83,75.798,75.23,True,"[decrypt] attempting to decrypt ciphertext | [decrypt] recovered message: {""temp"":24.8,""hum"":81.0}"
exp3_message_volume_real_sensor,2026-05-24T19:49:56,120,58,sala/sensor,sala/sensor/ciphertext/exp3,"{""temp"": 24.80, ""hum"": 81.10}","{""temp"":24.8,""hum"":81.1}",24,attr1 or attr2,|attr1,732,976,1049,1044,30.5,43.7083,4270.83,76.389,68.657,True,"[decrypt] attempting to decrypt ciphertext | [decrypt] recovered message: {""temp"":24.8,""hum"":81.1}"
exp3_message_volume_real_sensor,2026-05-24T19:50:01,120,59,sala/sensor,sala/sensor/ciphertext/exp3,"{""temp"": 24.80, ""hum"": 81.00}","{""temp"":24.8,""hum"":81.0}",24,attr1 or attr2,|attr1,732,976,1049,1044,30.5,43.7083,4270.83,74.579,85.996,True,"[decrypt] attempting to decrypt ciphertext | [decrypt] recovered message: {""temp"":24.8,""hum"":81.0}"
exp3_message_volume_real_sensor,2026-05-24T19:50:06,120,60,sala/sensor,sala/sensor/ciphertext/exp3,"{""temp"": 24.80, ""hum"": 81.10}","{""temp"":24.8,""hum"":81.1}",24,attr1 or attr2,|attr1,732,976,1049,1044,30.5,43.7083,4270.83,79.221,84.039,True,"[decrypt] attempting to decrypt ciphertext | [decrypt] recovered message: {""temp"":24.8,""hum"":81.1}"
exp3_message_volume_real_sensor,2026-05-24T19:50:11,120,61,sala/sensor,sala/sensor/ciphertext/exp3,"{""temp"": 24.80, ""hum"": 81.00}","{""temp"":24.8,""hum"":81.0}",24,attr1 or attr2,|attr1,732,976,1049,1044,30.5,43.7083,4270.83,87.039,88.867,True,"[decrypt] attempting to decrypt ciphertext | [decrypt] recovered message: {""temp"":24.8,""hum"":81.0}"
exp3_message_volume_real_sensor,2026-05-24T19:50:16,120,62,sala/sensor,sala/sensor/ciphertext/exp3,"{""temp"": 24.80, ""hum"": 81.00}","{""temp"":24.8,""hum"":81.0}",24,attr1 or attr2,|attr1,732,976,1049,1044,30.5,43.7083,4270.83,64.935,73.969,True,"[decrypt] attempting to decrypt ciphertext | [decrypt] recovered message: {""temp"":24.8,""hum"":81.0}"
exp3_message_volume_real_sensor,2026-05-24T19:50:21,120,63,sala/sensor,sala/sensor/ciphertext/exp3,"{""temp"": 24.80, ""hum"": 81.00}","{""temp"":24.8,""hum"":81.0}",24,attr1 or attr2,|attr1,732,976,1049,1044,30.5,43.7083,4270.83,72.436,89.578,True,"[decrypt] attempting to decrypt ciphertext | [decrypt] recovered message: {""temp"":24.8,""hum"":81.0}"
exp3_message_volume_real_sensor,2026-05-24T19:50:26,120,64,sala/sensor,sala/sensor/ciphertext/exp3,"{""temp"": 24.80, ""hum"": 81.00}","{""temp"":24.8,""hum"":81.0}",24,attr1 or attr2,|attr1,732,976,1049,1044,30.5,43.7083,4270.83,90.882,89.49,True,"[decrypt] attempting to decrypt ciphertext | [decrypt] recovered message: {""temp"":24.8,""hum"":81.0}"
exp3_message_volume_real_sensor,2026-05-24T19:50:32,120,65,sala/sensor,sala/sensor/ciphertext/exp3,"{""temp"": 24.80, ""hum"": 81.00}","{""temp"":24.8,""hum"":81.0}",24,attr1 or attr2,|attr1,732,976,1049,1044,30.5,43.7083,4270.83,75.298,78.14,True,"[decrypt] attempting to decrypt ciphertext | [decrypt] recovered message: {""temp"":24.8,""hum"":81.0}"
exp3_message_volume_real_sensor,2026-05-24T19:50:36,120,66,sala/sensor,sala/sensor/ciphertext/exp3,"{""temp"": 24.80, ""hum"": 81.10}","{""temp"":24.8,""hum"":81.1}",24,attr1 or attr2,|attr1,732,976,1049,1044,30.5,43.7083,4270.83,74.651,82.532,True,"[decrypt] attempting to decrypt ciphertext | [decrypt] recovered message: {""temp"":24.8,""hum"":81.1}"
exp3_message_volume_real_sensor,2026-05-24T19:50:41,120,67,sala/sensor,sala/sensor/ciphertext/exp3,"{""temp"": 24.80, ""hum"": 81.10}","{""temp"":24.8,""hum"":81.1}",24,attr1 or attr2,|attr1,732,976,1049,1044,30.5,43.7083,4270.83,84.134,82.222,True,"[decrypt] attempting to decrypt ciphertext | [decrypt] recovered message: {""temp"":24.8,""hum"":81.1}"
exp3_message_volume_real_sensor,2026-05-24T19:50:46,120,68,sala/sensor,sala/sensor/ciphertext/exp3,"{""temp"": 24.80, ""hum"": 81.00}","{""temp"":24.8,""hum"":81.0}",24,attr1 or attr2,|attr1,732,976,1049,1044,30.5,43.7083,4270.83,75.368,72.256,True,"[decrypt] attempting to decrypt ciphertext | [decrypt] recovered message: {""temp"":24.8,""hum"":81.0}"
exp3_message_volume_real_sensor,2026-05-24T19:50:51,120,69,sala/sensor,sala/sensor/ciphertext/exp3,"{""temp"": 24.80, ""hum"": 81.00}","{""temp"":24.8,""hum"":81.0}",24,attr1 or attr2,|attr1,732,976,1049,1044,30.5,43.7083,4270.83,78.813,80.166,True,"[decrypt] attempting to decrypt ciphertext | [decrypt] recovered message: {""temp"":24.8,""hum"":81.0}"
exp3_message_volume_real_sensor,2026-05-24T19:50:56,120,70,sala/sensor,sala/sensor/ciphertext/exp3,"{""temp"": 24.80, ""hum"": 81.00}","{""temp"":24.8,""hum"":81.0}",24,attr1 or attr2,|attr1,732,976,1049,1044,30.5,43.7083,4270.83,69.515,74.01,True,"[decrypt] attempting to decrypt ciphertext | [decrypt] recovered message: {""temp"":24.8,""hum"":81.0}"
exp3_message_volume_real_sensor,2026-05-24T19:51:01,120,71,sala/sensor,sala/sensor/ciphertext/exp3,"{""temp"": 24.80, ""hum"": 81.00}","{""temp"":24.8,""hum"":81.0}",24,attr1 or attr2,|attr1,732,976,1049,1044,30.5,43.7083,4270.83,65.987,78.805,True,"[decrypt] attempting to decrypt ciphertext | [decrypt] recovered message: {""temp"":24.8,""hum"":81.0}"
exp3_message_volume_real_sensor,2026-05-24T19:51:06,120,72,sala/sensor,sala/sensor/ciphertext/exp3,"{""temp"": 24.80, ""hum"": 81.00}","{""temp"":24.8,""hum"":81.0}",24,attr1 or attr2,|attr1,732,976,1049,1044,30.5,43.7083,4270.83,78.078,89.071,True,"[decrypt] attempting to decrypt ciphertext | [decrypt] recovered message: {""temp"":24.8,""hum"":81.0}"
exp3_message_volume_real_sensor,2026-05-24T19:51:12,120,73,sala/sensor,sala/sensor/ciphertext/exp3,"{""temp"": 24.80, ""hum"": 81.00}","{""temp"":24.8,""hum"":81.0}",24,attr1 or attr2,|attr1,732,976,1049,1044,30.5,43.7083,4270.83,77.148,76.808,True,"[decrypt] attempting to decrypt ciphertext | [decrypt] recovered message: {""temp"":24.8,""hum"":81.0}"
exp3_message_volume_real_sensor,2026-05-24T19:51:16,120,74,sala/sensor,sala/sensor/ciphertext/exp3,"{""temp"": 24.80, ""hum"": 81.00}","{""temp"":24.8,""hum"":81.0}",24,attr1 or attr2,|attr1,732,976,1049,1044,30.5,43.7083,4270.83,68.535,75.15,True,"[decrypt] attempting to decrypt ciphertext | [decrypt] recovered message: {""temp"":24.8,""hum"":81.0}"
exp3_message_volume_real_sensor,2026-05-24T19:51:21,120,75,sala/sensor,sala/sensor/ciphertext/exp3,"{""temp"": 24.80, ""hum"": 81.00}","{""temp"":24.8,""hum"":81.0}",24,attr1 or attr2,|attr1,732,976,1049,1044,30.5,43.7083,4270.83,85.571,72.173,True,"[decrypt] attempting to decrypt ciphertext | [decrypt] recovered message: {""temp"":24.8,""hum"":81.0}"
exp3_message_volume_real_sensor,2026-05-24T19:51:26,120,76,sala/sensor,sala/sensor/ciphertext/exp3,"{""temp"": 24.80, ""hum"": 81.00}","{""temp"":24.8,""hum"":81.0}",24,attr1 or attr2,|attr1,732,976,1049,1044,30.5,43.7083,4270.83,74.467,73.005,True,"[decrypt] attempting to decrypt ciphertext | [decrypt] recovered message: {""temp"":24.8,""hum"":81.0}"
exp3_message_volume_real_sensor,2026-05-24T19:51:32,120,77,sala/sensor,sala/sensor/ciphertext/exp3,"{""temp"": 24.80, ""hum"": 81.00}","{""temp"":24.8,""hum"":81.0}",24,attr1 or attr2,|attr1,732,976,1049,1044,30.5,43.7083,4270.83,69.388,78.353,True,"[decrypt] attempting to decrypt ciphertext | [decrypt] recovered message: {""temp"":24.8,""hum"":81.0}"
exp3_message_volume_real_sensor,2026-05-24T19:51:36,120,78,sala/sensor,sala/sensor/ciphertext/exp3,"{""temp"": 24.80, ""hum"": 81.00}","{""temp"":24.8,""hum"":81.0}",24,attr1 or attr2,|attr1,732,976,1049,1044,30.5,43.7083,4270.83,75.363,79.411,True,"[decrypt] attempting to decrypt ciphertext | [decrypt] recovered message: {""temp"":24.8,""hum"":81.0}"
exp3_message_volume_real_sensor,2026-05-24T19:51:41,120,79,sala/sensor,sala/sensor/ciphertext/exp3,"{""temp"": 24.80, ""hum"": 81.00}","{""temp"":24.8,""hum"":81.0}",24,attr1 or attr2,|attr1,732,976,1049,1044,30.5,43.7083,4270.83,75.463,79.659,True,"[decrypt] attempting to decrypt ciphertext | [decrypt] recovered message: {""temp"":24.8,""hum"":81.0}"
exp3_message_volume_real_sensor,2026-05-24T19:51:46,120,80,sala/sensor,sala/sensor/ciphertext/exp3,"{""temp"": 24.80, ""hum"": 81.00}","{""temp"":24.8,""hum"":81.0}",24,attr1 or attr2,|attr1,732,976,1049,1044,30.5,43.7083,4270.83,73.191,84.884,True,"[decrypt] attempting to decrypt ciphertext | [decrypt] recovered message: {""temp"":24.8,""hum"":81.0}"
exp3_message_volume_real_sensor,2026-05-24T19:51:52,120,81,sala/sensor,sala/sensor/ciphertext/exp3,"{""temp"": 24.80, ""hum"": 81.00}","{""temp"":24.8,""hum"":81.0}",24,attr1 or attr2,|attr1,732,976,1049,1044,30.5,43.7083,4270.83,74.984,83.323,True,"[decrypt] attempting to decrypt ciphertext | [decrypt] recovered message: {""temp"":24.8,""hum"":81.0}"
exp3_message_volume_real_sensor,2026-05-24T19:51:57,120,82,sala/sensor,sala/sensor/ciphertext/exp3,"{""temp"": 24.90, ""hum"": 81.00}","{""temp"":24.9,""hum"":81.0}",24,attr1 or attr2,|attr1,732,976,1049,1044,30.5,43.7083,4270.83,69.595,78.886,True,"[decrypt] attempting to decrypt ciphertext | [decrypt] recovered message: {""temp"":24.9,""hum"":81.0}"
exp3_message_volume_real_sensor,2026-05-24T19:52:02,120,83,sala/sensor,sala/sensor/ciphertext/exp3,"{""temp"": 24.80, ""hum"": 81.00}","{""temp"":24.8,""hum"":81.0}",24,attr1 or attr2,|attr1,732,976,1049,1044,30.5,43.7083,4270.83,71.882,80.069,True,"[decrypt] attempting to decrypt ciphertext | [decrypt] recovered message: {""temp"":24.8,""hum"":81.0}"
exp3_message_volume_real_sensor,2026-05-24T19:52:06,120,84,sala/sensor,sala/sensor/ciphertext/exp3,"{""temp"": 24.90, ""hum"": 80.90}","{""temp"":24.9,""hum"":80.9}",24,attr1 or attr2,|attr1,732,976,1049,1044,30.5,43.7083,4270.83,74.324,71.604,True,"[decrypt] attempting to decrypt ciphertext | [decrypt] recovered message: {""temp"":24.9,""hum"":80.9}"
exp3_message_volume_real_sensor,2026-05-24T19:52:11,120,85,sala/sensor,sala/sensor/ciphertext/exp3,"{""temp"": 24.90, ""hum"": 80.90}","{""temp"":24.9,""hum"":80.9}",24,attr1 or attr2,|attr1,732,976,1049,1044,30.5,43.7083,4270.83,74.927,79.918,True,"[decrypt] attempting to decrypt ciphertext | [decrypt] recovered message: {""temp"":24.9,""hum"":80.9}"
exp3_message_volume_real_sensor,2026-05-24T19:52:16,120,86,sala/sensor,sala/sensor/ciphertext/exp3,"{""temp"": 24.90, ""hum"": 80.90}","{""temp"":24.9,""hum"":80.9}",24,attr1 or attr2,|attr1,732,976,1049,1044,30.5,43.7083,4270.83,74.211,79.525,True,"[decrypt] attempting to decrypt ciphertext | [decrypt] recovered message: {""temp"":24.9,""hum"":80.9}"
exp3_message_volume_real_sensor,2026-05-24T19:52:21,120,87,sala/sensor,sala/sensor/ciphertext/exp3,"{""temp"": 24.90, ""hum"": 80.90}","{""temp"":24.9,""hum"":80.9}",24,attr1 or attr2,|attr1,732,976,1049,1044,30.5,43.7083,4270.83,70.331,71.27,True,"[decrypt] attempting to decrypt ciphertext | [decrypt] recovered message: {""temp"":24.9,""hum"":80.9}"
exp3_message_volume_real_sensor,2026-05-24T19:52:27,120,88,sala/sensor,sala/sensor/ciphertext/exp3,"{""temp"": 24.90, ""hum"": 80.90}","{""temp"":24.9,""hum"":80.9}",24,attr1 or attr2,|attr1,732,976,1049,1044,30.5,43.7083,4270.83,79.908,80.093,True,"[decrypt] attempting to decrypt ciphertext | [decrypt] recovered message: {""temp"":24.9,""hum"":80.9}"
exp3_message_volume_real_sensor,2026-05-24T19:52:32,120,89,sala/sensor,sala/sensor/ciphertext/exp3,"{""temp"": 24.90, ""hum"": 80.90}","{""temp"":24.9,""hum"":80.9}",24,attr1 or attr2,|attr1,732,976,1049,1044,30.5,43.7083,4270.83,83.188,77.011,True,"[decrypt] attempting to decrypt ciphertext | [decrypt] recovered message: {""temp"":24.9,""hum"":80.9}"
exp3_message_volume_real_sensor,2026-05-24T19:52:37,120,90,sala/sensor,sala/sensor/ciphertext/exp3,"{""temp"": 24.90, ""hum"": 80.90}","{""temp"":24.9,""hum"":80.9}",24,attr1 or attr2,|attr1,732,976,1049,1044,30.5,43.7083,4270.83,68.021,91.497,True,"[decrypt] attempting to decrypt ciphertext | [decrypt] recovered message: {""temp"":24.9,""hum"":80.9}"
exp3_message_volume_real_sensor,2026-05-24T19:52:42,120,91,sala/sensor,sala/sensor/ciphertext/exp3,"{""temp"": 24.90, ""hum"": 80.90}","{""temp"":24.9,""hum"":80.9}",24,attr1 or attr2,|attr1,732,976,1049,1044,30.5,43.7083,4270.83,68.487,88.349,True,"[decrypt] attempting to decrypt ciphertext | [decrypt] recovered message: {""temp"":24.9,""hum"":80.9}"
exp3_message_volume_real_sensor,2026-05-24T19:52:47,120,92,sala/sensor,sala/sensor/ciphertext/exp3,"{""temp"": 24.90, ""hum"": 80.90}","{""temp"":24.9,""hum"":80.9}",24,attr1 or attr2,|attr1,732,976,1049,1044,30.5,43.7083,4270.83,74.341,79.705,True,"[decrypt] attempting to decrypt ciphertext | [decrypt] recovered message: {""temp"":24.9,""hum"":80.9}"
exp3_message_volume_real_sensor,2026-05-24T19:52:52,120,93,sala/sensor,sala/sensor/ciphertext/exp3,"{""temp"": 24.90, ""hum"": 80.80}","{""temp"":24.9,""hum"":80.8}",24,attr1 or attr2,|attr1,732,976,1049,1044,30.5,43.7083,4270.83,60.237,79.615,True,"[decrypt] attempting to decrypt ciphertext | [decrypt] recovered message: {""temp"":24.9,""hum"":80.8}"
exp3_message_volume_real_sensor,2026-05-24T19:52:57,120,94,sala/sensor,sala/sensor/ciphertext/exp3,"{""temp"": 24.90, ""hum"": 80.90}","{""temp"":24.9,""hum"":80.9}",24,attr1 or attr2,|attr1,732,976,1049,1044,30.5,43.7083,4270.83,79.824,83.483,True,"[decrypt] attempting to decrypt ciphertext | [decrypt] recovered message: {""temp"":24.9,""hum"":80.9}"
exp3_message_volume_real_sensor,2026-05-24T19:53:02,120,95,sala/sensor,sala/sensor/ciphertext/exp3,"{""temp"": 24.90, ""hum"": 80.80}","{""temp"":24.9,""hum"":80.8}",24,attr1 or attr2,|attr1,732,976,1049,1044,30.5,43.7083,4270.83,75.389,73.051,True,"[decrypt] attempting to decrypt ciphertext | [decrypt] recovered message: {""temp"":24.9,""hum"":80.8}"
exp3_message_volume_real_sensor,2026-05-24T19:53:07,120,96,sala/sensor,sala/sensor/ciphertext/exp3,"{""temp"": 24.90, ""hum"": 80.80}","{""temp"":24.9,""hum"":80.8}",24,attr1 or attr2,|attr1,732,976,1049,1044,30.5,43.7083,4270.83,78.505,81.595,True,"[decrypt] attempting to decrypt ciphertext | [decrypt] recovered message: {""temp"":24.9,""hum"":80.8}"
exp3_message_volume_real_sensor,2026-05-24T19:53:12,120,97,sala/sensor,sala/sensor/ciphertext/exp3,"{""temp"": 24.90, ""hum"": 80.80}","{""temp"":24.9,""hum"":80.8}",24,attr1 or attr2,|attr1,732,976,1049,1044,30.5,43.7083,4270.83,69.804,78.278,True,"[decrypt] attempting to decrypt ciphertext | [decrypt] recovered message: {""temp"":24.9,""hum"":80.8}"
exp3_message_volume_real_sensor,2026-05-24T19:53:17,120,98,sala/sensor,sala/sensor/ciphertext/exp3,"{""temp"": 24.90, ""hum"": 80.80}","{""temp"":24.9,""hum"":80.8}",24,attr1 or attr2,|attr1,732,976,1049,1044,30.5,43.7083,4270.83,73.294,83.293,True,"[decrypt] attempting to decrypt ciphertext | [decrypt] recovered message: {""temp"":24.9,""hum"":80.8}"
exp3_message_volume_real_sensor,2026-05-24T19:53:22,120,99,sala/sensor,sala/sensor/ciphertext/exp3,"{""temp"": 24.90, ""hum"": 80.90}","{""temp"":24.9,""hum"":80.9}",24,attr1 or attr2,|attr1,732,976,1049,1044,30.5,43.7083,4270.83,72.395,74.91,True,"[decrypt] attempting to decrypt ciphertext | [decrypt] recovered message: {""temp"":24.9,""hum"":80.9}"
exp3_message_volume_real_sensor,2026-05-24T19:53:27,120,100,sala/sensor,sala/sensor/ciphertext/exp3,"{""temp"": 24.90, ""hum"": 80.90}","{""temp"":24.9,""hum"":80.9}",24,attr1 or attr2,|attr1,732,976,1049,1044,30.5,43.7083,4270.83,75.528,75.569,True,"[decrypt] attempting to decrypt ciphertext | [decrypt] recovered message: {""temp"":24.9,""hum"":80.9}"
exp3_message_volume_real_sensor,2026-05-24T19:53:32,120,101,sala/sensor,sala/sensor/ciphertext/exp3,"{""temp"": 24.90, ""hum"": 80.80}","{""temp"":24.9,""hum"":80.8}",24,attr1 or attr2,|attr1,732,976,1049,1044,30.5,43.7083,4270.83,72.625,80.518,True,"[decrypt] attempting to decrypt ciphertext | [decrypt] recovered message: {""temp"":24.9,""hum"":80.8}"
exp3_message_volume_real_sensor,2026-05-24T19:53:37,120,102,sala/sensor,sala/sensor/ciphertext/exp3,"{""temp"": 24.90, ""hum"": 80.80}","{""temp"":24.9,""hum"":80.8}",24,attr1 or attr2,|attr1,732,976,1049,1044,30.5,43.7083,4270.83,64.714,72.835,True,"[decrypt] attempting to decrypt ciphertext | [decrypt] recovered message: {""temp"":24.9,""hum"":80.8}"
exp3_message_volume_real_sensor,2026-05-24T19:53:42,120,103,sala/sensor,sala/sensor/ciphertext/exp3,"{""temp"": 24.90, ""hum"": 80.80}","{""temp"":24.9,""hum"":80.8}",24,attr1 or attr2,|attr1,732,976,1049,1044,30.5,43.7083,4270.83,72.69,83.17,True,"[decrypt] attempting to decrypt ciphertext | [decrypt] recovered message: {""temp"":24.9,""hum"":80.8}"
exp3_message_volume_real_sensor,2026-05-24T19:53:47,120,104,sala/sensor,sala/sensor/ciphertext/exp3,"{""temp"": 24.90, ""hum"": 80.80}","{""temp"":24.9,""hum"":80.8}",24,attr1 or attr2,|attr1,732,976,1049,1044,30.5,43.7083,4270.83,78.65,74.635,True,"[decrypt] attempting to decrypt ciphertext | [decrypt] recovered message: {""temp"":24.9,""hum"":80.8}"
exp3_message_volume_real_sensor,2026-05-24T19:53:52,120,105,sala/sensor,sala/sensor/ciphertext/exp3,"{""temp"": 24.90, ""hum"": 80.80}","{""temp"":24.9,""hum"":80.8}",24,attr1 or attr2,|attr1,732,976,1049,1044,30.5,43.7083,4270.83,84.414,79.222,True,"[decrypt] attempting to decrypt ciphertext | [decrypt] recovered message: {""temp"":24.9,""hum"":80.8}"
exp3_message_volume_real_sensor,2026-05-24T19:53:57,120,106,sala/sensor,sala/sensor/ciphertext/exp3,"{""temp"": 24.90, ""hum"": 80.80}","{""temp"":24.9,""hum"":80.8}",24,attr1 or attr2,|attr1,732,976,1049,1044,30.5,43.7083,4270.83,81.5,76.283,True,"[decrypt] attempting to decrypt ciphertext | [decrypt] recovered message: {""temp"":24.9,""hum"":80.8}"
exp3_message_volume_real_sensor,2026-05-24T19:54:02,120,107,sala/sensor,sala/sensor/ciphertext/exp3,"{""temp"": 24.90, ""hum"": 80.80}","{""temp"":24.9,""hum"":80.8}",24,attr1 or attr2,|attr1,732,976,1049,1044,30.5,43.7083,4270.83,70.356,73.864,True,"[decrypt] attempting to decrypt ciphertext | [decrypt] recovered message: {""temp"":24.9,""hum"":80.8}"
exp3_message_volume_real_sensor,2026-05-24T19:54:07,120,108,sala/sensor,sala/sensor/ciphertext/exp3,"{""temp"": 24.90, ""hum"": 80.80}","{""temp"":24.9,""hum"":80.8}",24,attr1 or attr2,|attr1,732,976,1049,1044,30.5,43.7083,4270.83,79.98,83.245,True,"[decrypt] attempting to decrypt ciphertext | [decrypt] recovered message: {""temp"":24.9,""hum"":80.8}"
exp3_message_volume_real_sensor,2026-05-24T19:54:12,120,109,sala/sensor,sala/sensor/ciphertext/exp3,"{""temp"": 24.90, ""hum"": 80.80}","{""temp"":24.9,""hum"":80.8}",24,attr1 or attr2,|attr1,732,976,1049,1044,30.5,43.7083,4270.83,70.345,87.333,True,"[decrypt] attempting to decrypt ciphertext | [decrypt] recovered message: {""temp"":24.9,""hum"":80.8}"
exp3_message_volume_real_sensor,2026-05-24T19:54:17,120,110,sala/sensor,sala/sensor/ciphertext/exp3,"{""temp"": 24.90, ""hum"": 80.80}","{""temp"":24.9,""hum"":80.8}",24,attr1 or attr2,|attr1,732,976,1049,1044,30.5,43.7083,4270.83,68.721,83.149,True,"[decrypt] attempting to decrypt ciphertext | [decrypt] recovered message: {""temp"":24.9,""hum"":80.8}"
exp3_message_volume_real_sensor,2026-05-24T19:54:22,120,111,sala/sensor,sala/sensor/ciphertext/exp3,"{""temp"": 24.90, ""hum"": 80.70}","{""temp"":24.9,""hum"":80.7}",24,attr1 or attr2,|attr1,732,976,1049,1044,30.5,43.7083,4270.83,75.707,79.508,True,"[decrypt] attempting to decrypt ciphertext | [decrypt] recovered message: {""temp"":24.9,""hum"":80.7}"
exp3_message_volume_real_sensor,2026-05-24T19:54:27,120,112,sala/sensor,sala/sensor/ciphertext/exp3,"{""temp"": 24.90, ""hum"": 80.70}","{""temp"":24.9,""hum"":80.7}",24,attr1 or attr2,|attr1,732,976,1049,1044,30.5,43.7083,4270.83,68.792,79.018,True,"[decrypt] attempting to decrypt ciphertext | [decrypt] recovered message: {""temp"":24.9,""hum"":80.7}"
exp3_message_volume_real_sensor,2026-05-24T19:54:32,120,113,sala/sensor,sala/sensor/ciphertext/exp3,"{""temp"": 24.90, ""hum"": 80.70}","{""temp"":24.9,""hum"":80.7}",24,attr1 or attr2,|attr1,732,976,1049,1044,30.5,43.7083,4270.83,72.426,72.738,True,"[decrypt] attempting to decrypt ciphertext | [decrypt] recovered message: {""temp"":24.9,""hum"":80.7}"
exp3_message_volume_real_sensor,2026-05-24T19:54:37,120,114,sala/sensor,sala/sensor/ciphertext/exp3,"{""temp"": 24.90, ""hum"": 80.70}","{""temp"":24.9,""hum"":80.7}",24,attr1 or attr2,|attr1,732,976,1049,1044,30.5,43.7083,4270.83,69.455,83.906,True,"[decrypt] attempting to decrypt ciphertext | [decrypt] recovered message: {""temp"":24.9,""hum"":80.7}"
exp3_message_volume_real_sensor,2026-05-24T19:54:42,120,115,sala/sensor,sala/sensor/ciphertext/exp3,"{""temp"": 24.90, ""hum"": 80.80}","{""temp"":24.9,""hum"":80.8}",24,attr1 or attr2,|attr1,732,976,1049,1044,30.5,43.7083,4270.83,74.589,80.254,True,"[decrypt] attempting to decrypt ciphertext | [decrypt] recovered message: {""temp"":24.9,""hum"":80.8}"
exp3_message_volume_real_sensor,2026-05-24T19:54:47,120,116,sala/sensor,sala/sensor/ciphertext/exp3,"{""temp"": 24.90, ""hum"": 81.00}","{""temp"":24.9,""hum"":81.0}",24,attr1 or attr2,|attr1,732,976,1049,1044,30.5,43.7083,4270.83,76.89,77.758,True,"[decrypt] attempting to decrypt ciphertext | [decrypt] recovered message: {""temp"":24.9,""hum"":81.0}"
exp3_message_volume_real_sensor,2026-05-24T19:54:52,120,117,sala/sensor,sala/sensor/ciphertext/exp3,"{""temp"": 24.90, ""hum"": 81.20}","{""temp"":24.9,""hum"":81.2}",24,attr1 or attr2,|attr1,732,976,1049,1044,30.5,43.7083,4270.83,62.071,86.566,True,"[decrypt] attempting to decrypt ciphertext | [decrypt] recovered message: {""temp"":24.9,""hum"":81.2}"
exp3_message_volume_real_sensor,2026-05-24T19:54:57,120,118,sala/sensor,sala/sensor/ciphertext/exp3,"{""temp"": 24.90, ""hum"": 81.30}","{""temp"":24.9,""hum"":81.3}",24,attr1 or attr2,|attr1,732,976,1049,1044,30.5,43.7083,4270.83,61.726,70.489,True,"[decrypt] attempting to decrypt ciphertext | [decrypt] recovered message: {""temp"":24.9,""hum"":81.3}"
exp3_message_volume_real_sensor,2026-05-24T19:55:02,120,119,sala/sensor,sala/sensor/ciphertext/exp3,"{""temp"": 24.90, ""hum"": 81.30}","{""temp"":24.9,""hum"":81.3}",24,attr1 or attr2,|attr1,732,976,1049,1044,30.5,43.7083,4270.83,91.525,72.7,True,"[decrypt] attempting to decrypt ciphertext | [decrypt] recovered message: {""temp"":24.9,""hum"":81.3}"
exp3_message_volume_real_sensor,2026-05-24T19:55:07,120,120,sala/sensor,sala/sensor/ciphertext/exp3,"{""temp"": 24.90, ""hum"": 81.30}","{""temp"":24.9,""hum"":81.3}",24,attr1 or attr2,|attr1,732,976,1049,1044,30.5,43.7083,4270.83,74.794,73.42,True,"[decrypt] attempting to decrypt ciphertext | [decrypt] recovered message: {""temp"":24.9,""hum"":81.3}"
